,date
1,1/4/1995
2,1/5/1995
3,1/6/1995
4,1/9/1995
5,1/10/1995
6,1/11/1995
7,1/12/1995
8,1/13/1995
9,1/17/1995
10,1/18/1995
11,1/19/1995
12,1/20/1995
13,1/23/1995
14,1/24/1995
15,1/25/1995
16,1/26/1995
17,1/27/1995
18,1/30/1995
19,1/31/1995
20,2/1/1995
21,2/2/1995
22,2/3/1995
23,2/6/1995
24,2/7/1995
25,2/8/1995
26,2/9/1995
27,2/10/1995
28,2/13/1995
29,2/14/1995
30,2/15/1995
31,2/16/1995
32,2/21/1995
33,2/22/1995
34,2/23/1995
35,2/24/1995
36,2/27/1995
37,2/28/1995
38,02/29/1995
39,02/30/1995
40,02/31/1995
41,3/1/1995
42,3/2/1995
43,3/3/1995
44,3/6/1995
45,3/7/1995
46,3/8/1995
47,3/9/1995
48,3/10/1995
49,3/13/1995
50,3/14/1995
51,3/15/1995
52,3/16/1995
53,3/17/1995
54,3/20/1995
55,3/21/1995
56,3/22/1995
57,3/23/1995
58,3/24/1995
59,3/27/1995
60,3/28/1995
61,3/29/1995
62,3/30/1995
63,3/31/1995
64,4/3/1995
65,4/4/1995
66,4/5/1995
67,4/6/1995
68,4/7/1995
69,4/24/1995
70,4/25/1995
71,4/26/1995
72,4/27/1995
73,04/31/1995
74,5/1/1995
75,5/2/1995
76,5/3/1995
77,5/4/1995
78,5/5/1995
79,5/8/1995
80,5/9/1995
81,5/10/1995
82,5/11/1995
83,5/12/1995
84,5/15/1995
85,5/16/1995
86,5/17/1995
87,5/18/1995
88,5/19/1995
89,5/22/1995
90,5/23/1995
91,5/24/1995
92,5/25/1995
93,5/26/1995
94,6/5/1995
95,6/6/1995
96,6/7/1995
97,6/8/1995
98,6/9/1995
99,6/12/1995
100,6/13/1995
101,6/14/1995
102,6/15/1995
103,6/16/1995
104,6/19/1995
105,6/20/1995
106,6/21/1995
107,6/22/1995
108,6/23/1995
109,6/26/1995
110,6/27/1995
111,6/28/1995
112,6/29/1995
113,6/30/1995
114,7/10/1995
115,7/11/1995
116,7/12/1995
117,7/13/1995
118,7/14/1995
119,7/17/1995
120,7/18/1995
121,7/19/1995
122,7/20/1995
123,7/21/1995
124,7/24/1995
125,7/25/1995
126,7/26/1995
127,7/27/1995
128,7/28/1995
129,7/31/1995
130,8/1/1995
131,8/2/1995
132,8/3/1995
133,8/4/1995
134,8/5/1995
135,8/7/1995
136,8/8/1995
137,8/9/1995
138,8/10/1995
139,8/11/1995
140,9/5/1995
141,9/6/1995
142,9/7/1995
143,9/8/1995
144,9/11/1995
145,9/12/1995
146,9/13/1995
147,9/14/1995
148,9/15/1995
149,9/18/1995
150,9/19/1995
151,9/20/1995
152,9/21/1995
153,9/22/1995
154,9/25/1995
155,9/26/1995
156,9/27/1995
157,9/28/1995
158,9/29/1995
159,10/6/1995
160,10/10/1995
161,10/11/1995
162,10/12/1995
163,10/13/1995
164,10/17/1995
165,10/18/1995
166,10/19/1995
167,10/20/1995
168,10/23/1995
169,10/24/1995
170,10/25/1995
171,10/26/1995
172,10/27/1995
173,10/30/1995
174,10/31/1995
175,11/1/1995
176,11/2/1995
177,11/3/1995
178,11/6/1995
179,11/7/1995
180,11/8/1995
181,11/9/1995
182,11/10/1995
183,11/13/1995
184,11/14/1995
185,11/15/1995
186,11/16/1995
187,11/17/1995
188,11/18/1995
189,11/19/1995
190,11/20/1995
191,11/27/1995
192,11/28/1995
193,11/29/1995
194,11/30/1995
195,12/4/1995
196,12/5/1995
197,12/6/1995
198,12/7/1995
199,12/8/1995
200,12/11/1995
201,12/12/1995
202,12/13/1995
203,12/14/1995
204,12/15/1995
205,12/16/1995
206,12/17/1995
207,12/18/1995
208,12/19/1995
209,12/20/1995
210,12/21/1995
211,12/22/1995
212,12/23/1995
213,12/27/1995
214,12/28/1995
215,12/29/1995
216,12/30/1995
217,12/31/1995
218,1/2/1996
219,1/3/1996
220,1/4/1996
221,1/5/1996
222,1/8/1996
223,1/9/1996
224,1/10/1996
225,1/22/1996
226,1/23/1996
227,1/24/1996
228,1/25/1996
229,1/26/1996
230,1/30/1996
231,1/31/1996
232,2/1/1996
233,2/5/1996
234,2/6/1996
235,2/7/1996
236,2/9/1996
237,2/13/1996
238,2/16/1996
239,2/20/1996
240,2/23/1996
241,2/26/1996
242,2/27/1996
243,2/28/1996
244,2/29/1996
245,3/4/1996
246,3/5/1996
247,3/6/1996
248,3/7/1996
249,3/8/1996
250,3/11/1996
251,3/12/1996
252,3/13/1996
253,3/14/1996
254,3/15/1996
255,3/18/1996
256,3/19/1996
257,3/20/1996
258,3/21/1996
259,3/22/1996
260,3/25/1996
261,3/26/1996
262,3/27/1996
263,3/28/1996
264,3/29/1996
265,4/15/1996
266,4/16/1996
267,4/17/1996
268,4/18/1996
269,4/19/1996
270,4/22/1996
271,4/23/1996
272,4/24/1996
273,4/25/1996
274,4/29/1996
275,4/30/1996
276,04/31/1996
277,5/1/1996
278,5/2/1996
279,5/3/1996
280,5/6/1996
281,5/7/1996
282,5/8/1996
283,5/9/1996
284,5/10/1996
285,5/13/1996
286,5/14/1996
287,5/15/1996
288,5/16/1996
289,5/17/1996
290,5/20/1996
291,5/21/1996
292,5/22/1996
293,5/23/1996
294,5/24/1996
295,5/29/1996
296,5/30/1996
297,5/31/1996
298,6/3/1996
299,6/4/1996
300,6/5/1996
301,6/6/1996
302,6/7/1996
303,6/10/1996
304,6/11/1996
305,6/12/1996
306,6/13/1996
307,6/14/1996
308,6/17/1996
309,6/18/1996
310,6/19/1996
311,6/20/1996
312,6/21/1996
313,6/24/1996
314,6/25/1996
315,6/26/1996
316,6/28/1996
317,7/8/1996
318,7/9/1996
319,7/10/1996
320,7/11/1996
321,7/12/1996
322,7/16/1996
323,7/17/1996
324,7/18/1996
325,7/19/1996
326,7/22/1996
327,7/23/1996
328,7/24/1996
329,7/25/1996
330,7/26/1996
331,7/29/1996
332,7/30/1996
333,7/31/1996
334,8/1/1996
335,8/2/1996
336,9/3/1996
337,9/4/1996
338,9/5/1996
339,9/6/1996
340,9/9/1996
341,9/10/1996
342,9/11/1996
343,9/12/1996
344,9/13/1996
345,9/16/1996
346,9/17/1996
347,9/18/1996
348,9/19/1996
349,9/20/1996
350,9/23/1996
351,9/24/1996
352,9/25/1996
353,9/26/1996
354,9/27/1996
355,9/28/1996
356,9/30/1996
357,09/31/1996
358,10/1/1996
359,10/2/1996
360,10/3/1996
361,10/4/1996
362,10/21/1996
363,1/7/1997
364,1/9/1997
365,1/20/1997
366,1/21/1997
367,1/22/1997
368,1/23/1997
369,1/27/1997
370,1/28/1997
371,1/29/1997
372,1/30/1997
373,2/3/1997
374,2/4/1997
375,2/5/1997
376,2/6/1997
377,2/7/1997
378,2/10/1997
379,2/11/1997
380,2/12/1997
381,2/13/1997
382,2/24/1997
383,2/25/1997
384,2/26/1997
385,2/27/1997
386,2/28/1997
387,02/31/1997
388,3/3/1997
389,3/4/1997
390,3/5/1997
391,3/6/1997
392,3/10/1997
393,3/11/1997
394,3/12/1997
395,3/13/1997
396,3/14/1997
397,3/17/1997
398,3/18/1997
399,3/19/1997
400,3/20/1997
401,3/21/1997
402,4/7/1997
403,4/8/1997
404,4/9/1997
405,4/10/1997
406,4/14/1997
407,4/15/1997
408,4/16/1997
409,4/17/1997
410,4/21/1997
411,4/22/1997
412,4/23/1997
413,4/24/1997
414,4/25/1997
415,4/28/1997
416,4/29/1997
417,4/30/1997
418,04/31/1997
419,5/1/1997
420,5/5/1997
421,5/6/1997
422,5/7/1997
423,5/8/1997
424,5/9/1997
425,5/12/1997
426,5/13/1997
427,5/14/1997
428,5/15/1997
429,5/16/1997
430,5/19/1997
431,5/20/1997
432,5/21/1997
433,5/22/1997
434,5/23/1997
435,5/27/1997
436,5/30/1997
437,6/2/1997
438,6/3/1997
439,6/4/1997
440,6/5/1997
441,6/6/1997
442,6/7/1997
443,6/9/1997
444,6/10/1997
445,6/11/1997
446,6/12/1997
447,6/16/1997
448,6/17/1997
449,6/18/1997
450,6/19/1997
451,6/20/1997
452,6/21/1997
453,6/23/1997
454,6/24/1997
455,6/25/1997
456,6/26/1997
457,6/27/1997
458,7/7/1997
459,7/8/1997
460,7/9/1997
461,7/10/1997
462,7/11/1997
463,7/14/1997
464,7/15/1997
465,7/16/1997
466,7/17/1997
467,7/21/1997
468,7/22/1997
469,7/23/1997
470,7/24/1997
471,7/25/1997
472,7/28/1997
473,7/29/1997
474,7/30/1997
475,7/31/1997
476,8/1/1997
477,9/2/1997
478,9/3/1997
479,9/4/1997
480,9/5/1997
481,9/8/1997
482,9/9/1997
483,9/10/1997
484,9/11/1997
485,9/12/1997
486,9/15/1997
487,9/16/1997
488,9/17/1997
489,9/18/1997
490,9/19/1997
491,9/22/1997
492,9/23/1997
493,9/24/1997
494,9/25/1997
495,9/26/1997
496,9/29/1997
497,9/30/1997
498,09/31/1997
499,10/1/1997
500,10/2/1997
501,10/3/1997
502,10/6/1997
503,10/7/1997
504,10/8/1997
505,10/9/1997
506,10/20/1997
507,10/21/1997
508,10/22/1997
509,10/23/1997
510,10/24/1997
511,10/27/1997
512,10/28/1997
513,10/29/1997
514,10/30/1997
515,10/31/1997
516,11/3/1997
517,11/4/1997
518,11/5/1997
519,11/6/1997
520,11/7/1997
521,11/8/1997
522,11/9/1997
523,11/10/1997
524,11/12/1997
525,11/13/1997
526,12/15/1997
527,1/27/1998
528,1/28/1998
529,1/29/1998
530,2/2/1998
531,2/3/1998
532,2/4/1998
533,2/5/1998
534,2/9/1998
535,2/10/1998
536,2/11/1998
537,2/12/1998
538,2/13/1998
539,2/23/1998
540,2/24/1998
541,2/25/1998
542,2/26/1998
543,2/27/1998
544,02/30/1998
545,02/31/1998
546,3/2/1998
547,3/3/1998
548,3/4/1998
549,3/5/1998
550,3/6/1998
551,3/9/1998
552,3/10/1998
553,3/11/1998
554,3/12/1998
555,3/13/1998
556,3/16/1998
557,3/17/1998
558,3/18/1998
559,3/19/1998
560,3/20/1998
561,3/23/1998
562,3/24/1998
563,3/25/1998
564,3/26/1998
565,3/27/1998
566,3/30/1998
567,3/31/1998
568,4/1/1998
569,4/2/1998
570,4/3/1998
571,4/20/1998
572,4/21/1998
573,4/22/1998
574,4/23/1998
575,4/24/1998
576,4/27/1998
577,4/28/1998
578,4/29/1998
579,4/30/1998
580,04/31/1998
581,5/1/1998
582,5/4/1998
583,5/5/1998
584,5/6/1998
585,5/7/1998
586,5/8/1998
587,5/11/1998
588,5/12/1998
589,5/13/1998
590,5/14/1998
591,5/15/1998
592,5/18/1998
593,5/19/1998
594,5/20/1998
595,5/21/1998
596,5/22/1998
597,6/1/1998
598,6/2/1998
599,6/3/1998
600,6/4/1998
601,6/5/1998
602,6/9/1998
603,6/10/1998
604,6/11/1998
605,6/12/1998
606,6/15/1998
607,6/16/1998
608,6/17/1998
609,6/18/1998
610,6/19/1998
611,6/22/1998
612,6/23/1998
613,6/24/1998
614,6/25/1998
615,6/26/1998
616,7/6/1998
617,7/7/1998
618,7/8/1998
619,7/9/1998
620,7/10/1998
621,7/13/1998
622,7/14/1998
623,7/15/1998
624,7/16/1998
625,7/17/1998
626,7/20/1998
627,7/21/1998
628,7/22/1998
629,7/23/1998
630,7/24/1998
631,7/27/1998
632,7/28/1998
633,7/29/1998
634,7/30/1998
635,7/31/1998
636,8/3/1998
637,8/4/1998
638,8/5/1998
639,8/6/1998
640,8/7/1998
641,8/31/1998
642,9/1/1998
643,9/2/1998
644,9/3/1998
645,9/4/1998
646,9/8/1998
647,9/9/1998
648,9/10/1998
649,9/11/1998
650,9/14/1998
651,9/15/1998
652,9/16/1998
653,9/17/1998
654,9/18/1998
655,9/21/1998
656,9/22/1998
657,9/23/1998
658,9/24/1998
659,9/25/1998
660,9/26/1998
661,9/28/1998
662,9/29/1998
663,9/30/1998
664,09/31/1998
665,10/1/1998
666,10/2/1998
667,10/5/1998
668,10/6/1998
669,10/7/1998
670,10/8/1998
671,10/9/1998
672,10/10/1998
673,10/11/1998
674,10/12/1998
675,10/13/1998
676,10/14/1998
677,10/15/1998
678,10/16/1998
679,10/19/1998
680,10/20/1998
681,10/21/1998
682,11/12/1998
683,12/17/1998
684,12/18/1998
685,12/19/1998
686,1/6/1999
687,1/7/1999
688,1/8/1999
689,1/12/1999
690,1/14/1999
691,1/15/1999
692,1/16/1999
693,1/19/1999
694,1/20/1999
695,1/21/1999
696,1/22/1999
697,1/23/1999
698,1/25/1999
699,1/26/1999
700,1/27/1999
701,1/28/1999
702,1/29/1999
703,2/2/1999
704,2/3/1999
705,2/4/1999
706,2/6/1999
707,2/8/1999
708,2/9/1999
709,2/10/1999
710,2/11/1999
711,2/12/1999
712,2/22/1999
713,2/23/1999
714,2/24/1999
715,2/25/1999
716,02/29/1999
717,02/30/1999
718,02/31/1999
719,3/1/1999
720,3/2/1999
721,3/3/1999
722,3/4/1999
723,3/5/1999
724,3/8/1999
725,3/9/1999
726,3/10/1999
727,3/11/1999
728,3/15/1999
729,3/16/1999
730,3/17/1999
731,3/18/1999
732,3/19/1999
733,3/22/1999
734,3/23/1999
735,3/24/1999
736,3/25/1999
737,4/12/1999
738,4/13/1999
739,4/14/1999
740,4/15/1999
741,4/19/1999
742,4/20/1999
743,4/21/1999
744,4/22/1999
745,4/26/1999
746,4/27/1999
747,4/28/1999
748,4/29/1999
749,4/30/1999
750,5/3/1999
751,5/4/1999
752,5/5/1999
753,5/6/1999
754,5/10/1999
755,5/11/1999
756,5/12/1999
757,5/13/1999
758,5/14/1999
759,5/17/1999
760,5/18/1999
761,5/19/1999
762,5/20/1999
763,5/24/1999
764,5/25/1999
765,5/26/1999
766,5/27/1999
767,6/7/1999
768,6/8/1999
769,6/9/1999
770,6/10/1999
771,6/14/1999
772,6/15/1999
773,6/16/1999
774,6/17/1999
775,6/18/1999
776,6/21/1999
777,6/22/1999
778,6/23/1999
779,6/24/1999
780,6/25/1999
781,6/28/1999
782,6/29/1999
783,6/30/1999
784,06/31/1999
785,7/1/1999
786,7/12/1999
787,7/13/1999
788,7/14/1999
789,7/15/1999
790,7/16/1999
791,7/19/1999
792,7/20/1999
793,7/21/1999
794,7/22/1999
795,7/26/1999
796,7/27/1999
797,7/28/1999
798,7/29/1999
799,7/30/1999
800,8/2/1999
801,8/3/1999
802,8/4/1999
803,8/5/1999
804,9/8/1999
805,9/9/1999
806,9/10/1999
807,9/13/1999
808,9/14/1999
809,9/15/1999
810,9/16/1999
811,9/17/1999
812,9/21/1999
813,9/22/1999
814,9/23/1999
815,9/24/1999
816,9/27/1999
817,9/28/1999
818,9/29/1999
819,9/30/1999
820,09/31/1999
821,10/1/1999
822,10/4/1999
823,10/5/1999
824,10/6/1999
825,10/7/1999
826,10/8/1999
827,10/12/1999
828,10/13/1999
829,10/14/1999
830,10/15/1999
831,10/18/1999
832,10/19/1999
833,10/20/1999
834,10/21/1999
835,10/22/1999
836,10/25/1999
837,10/26/1999
838,10/27/1999
839,10/28/1999
840,10/29/1999
841,11/1/1999
842,11/2/1999
843,11/3/1999
844,11/4/1999
845,11/5/1999
846,11/8/1999
847,11/9/1999
848,11/10/1999
849,11/11/1999
850,11/12/1999
851,11/15/1999
852,11/16/1999
853,11/17/1999
854,11/18/1999
855,11/19/1999
856,11/22/1999
857,12/3/1999
858,1/24/2000
859,1/25/2000
860,1/26/2000
861,1/27/2000
862,1/31/2000
863,2/1/2000
864,2/2/2000
865,2/3/2000
866,2/7/2000
867,2/8/2000
868,2/9/2000
869,2/10/2000
870,2/14/2000
871,2/15/2000
872,2/16/2000
873,2/22/2000
874,2/23/2000
875,2/24/2000
876,2/28/2000
877,2/29/2000
878,02/30/2000
879,02/31/2000
880,3/1/2000
881,3/2/2000
882,3/6/2000
883,3/7/2000
884,3/8/2000
885,3/9/2000
886,3/13/2000
887,3/14/2000
888,3/15/2000
889,3/16/2000
890,3/20/2000
891,3/21/2000
892,3/22/2000
893,3/23/2000
894,3/27/2000
895,3/28/2000
896,3/29/2000
897,3/30/2000
898,4/3/2000
899,4/4/2000
900,4/5/2000
901,4/6/2000
902,4/7/2000
903,4/10/2000
904,4/11/2000
905,4/12/2000
906,4/13/2000
907,4/25/2000
908,4/26/2000
909,4/27/2000
910,04/31/2000
911,5/1/2000
912,5/2/2000
913,5/3/2000
914,5/4/2000
915,5/8/2000
916,5/9/2000
917,5/10/2000
918,5/11/2000
919,5/15/2000
920,5/16/2000
921,5/17/2000
922,5/18/2000
923,5/19/2000
924,5/22/2000
925,5/23/2000
926,5/24/2000
927,5/25/2000
928,6/6/2000
929,6/7/2000
930,6/8/2000
931,6/9/2000
932,6/12/2000
933,6/13/2000
934,6/14/2000
935,6/15/2000
936,6/16/2000
937,6/19/2000
938,6/20/2000
939,6/21/2000
940,6/22/2000
941,6/23/2000
942,6/26/2000
943,6/27/2000
944,6/28/2000
945,6/29/2000
946,6/30/2000
947,7/10/2000
948,7/11/2000
949,7/12/2000
950,7/13/2000
951,7/14/2000
952,7/17/2000
953,7/18/2000
954,7/19/2000
955,7/20/2000
956,7/21/2000
957,7/24/2000
958,7/25/2000
959,7/26/2000
960,7/27/2000
961,9/5/2000
962,9/6/2000
963,9/7/2000
964,9/8/2000
965,9/11/2000
966,9/12/2000
967,9/13/2000
968,9/14/2000
969,9/15/2000
970,9/18/2000
971,9/19/2000
972,9/20/2000
973,9/21/2000
974,9/22/2000
975,9/25/2000
976,9/26/2000
977,9/27/2000
978,9/28/2000
979,9/29/2000
980,10/2/2000
981,10/3/2000
982,10/4/2000
983,10/5/2000
984,10/6/2000
985,10/10/2000
986,10/11/2000
987,10/12/2000
988,10/13/2000
989,10/16/2000
990,10/17/2000
991,10/18/2000
992,10/19/2000
993,10/23/2000
994,10/24/2000
995,10/25/2000
996,10/26/2000
997,10/27/2000
998,10/28/2000
999,10/29/2000
1000,10/30/2000
1001,10/31/2000
1002,11/1/2000
1003,11/2/2000
1004,11/3/2000
1005,11/13/2000
1006,11/14/2000
1007,12/4/2000
1008,12/5/2000
1009,12/6/2000
1010,12/7/2000
1011,12/8/2000
1012,12/11/2000
1013,12/13/2000
1014,12/14/2000
1015,12/15/2000
1016,1/2/2001
1017,1/3/2001
1018,1/4/2001
1019,1/5/2001
1020,1/6/2001
1021,1/8/2001
1022,1/20/2001
1023,1/22/2001
1024,1/23/2001
1025,1/24/2001
1026,1/25/2001
1027,1/29/2001
1028,1/30/2001
1029,1/31/2001
1030,2/1/2001
1031,2/5/2001
1032,2/6/2001
1033,2/7/2001
1034,2/8/2001
1035,2/12/2001
1036,2/13/2001
1037,2/14/2001
1038,2/15/2001
1039,2/26/2001
1040,2/27/2001
1041,2/28/2001
1042,02/29/2001
1043,3/1/2001
1044,3/5/2001
1045,3/6/2001
1046,3/7/2001
1047,3/8/2001
1048,3/9/2001
1049,3/12/2001
1050,3/13/2001
1051,3/14/2001
1052,3/15/2001
1053,3/19/2001
1054,3/20/2001
1055,3/21/2001
1056,3/22/2001
1057,3/23/2001
1058,3/26/2001
1059,3/27/2001
1060,3/28/2001
1061,3/29/2001
1062,3/30/2001
1063,4/2/2001
1064,4/3/2001
1065,4/4/2001
1066,4/5/2001
1067,4/6/2001
1068,4/23/2001
1069,4/24/2001
1070,4/25/2001
1071,4/26/2001
1072,4/27/2001
1073,4/30/2001
1074,04/31/2001
1075,5/1/2001
1076,5/2/2001
1077,5/3/2001
1078,5/4/2001
1079,5/7/2001
1080,5/8/2001
1081,5/9/2001
1082,5/10/2001
1083,5/14/2001
1084,5/15/2001
1085,5/16/2001
1086,5/17/2001
1087,5/18/2001
1088,5/21/2001
1089,5/22/2001
1090,5/23/2001
1091,5/24/2001
1092,5/25/2001
1093,5/26/2001
1094,6/5/2001
1095,6/6/2001
1096,6/7/2001
1097,6/8/2001
1098,6/11/2001
1099,6/12/2001
1100,6/13/2001
1101,6/14/2001
1102,6/18/2001
1103,6/19/2001
1104,6/20/2001
1105,6/21/2001
1106,6/22/2001
1107,6/25/2001
1108,6/26/2001
1109,6/27/2001
1110,6/28/2001
1111,6/29/2001
1112,7/9/2001
1113,7/10/2001
1114,7/11/2001
1115,7/12/2001
1116,7/16/2001
1117,7/17/2001
1118,7/18/2001
1119,7/19/2001
1120,7/20/2001
1121,7/23/2001
1122,7/24/2001
1123,7/25/2001
1124,7/26/2001
1125,7/27/2001
1126,7/30/2001
1127,7/31/2001
1128,8/1/2001
1129,8/2/2001
1130,8/3/2001
1131,9/4/2001
1132,9/5/2001
1133,9/6/2001
1134,9/10/2001
1135,9/11/2001
1136,9/12/2001
1137,9/13/2001
1138,9/14/2001
1139,9/17/2001
1140,9/19/2001
1141,9/20/2001
1142,9/21/2001
1143,9/24/2001
1144,9/25/2001
1145,9/26/2001
1146,9/28/2001
1147,09/31/2001
1148,10/1/2001
1149,10/2/2001
1150,10/3/2001
1151,10/4/2001
1152,10/5/2001
1153,10/9/2001
1154,10/10/2001
1155,10/11/2001
1156,10/12/2001
1157,10/15/2001
1158,10/16/2001
1159,10/17/2001
1160,10/18/2001
1161,10/23/2001
1162,10/24/2001
1163,10/25/2001
1164,10/26/2001
1165,10/29/2001
1166,10/30/2001
1167,10/31/2001
1168,11/1/2001
1169,11/2/2001
1170,11/5/2001
1171,11/6/2001
1172,11/7/2001
1173,11/8/2001
1174,11/9/2001
1175,11/13/2001
1176,11/14/2001
1177,11/15/2001
1178,11/16/2001
1179,11/19/2001
1180,11/27/2001
1181,11/28/2001
1182,11/29/2001
1183,11/30/2001
1184,12/3/2001
1185,12/4/2001
1186,12/5/2001
1187,12/6/2001
1188,12/7/2001
1189,12/10/2001
1190,12/11/2001
1191,12/12/2001
1192,12/13/2001
1193,12/14/2001
1194,12/17/2001
1195,12/18/2001
1196,12/19/2001
1197,12/20/2001
1198,1/3/2002
1199,1/23/2002
1200,1/24/2002
1201,1/25/2002
1202,1/28/2002
1203,1/29/2002
1204,2/4/2002
1205,2/5/2002
1206,2/6/2002
1207,2/7/2002
1208,2/8/2002
1209,2/11/2002
1210,2/12/2002
1211,2/13/2002
1212,2/14/2002
1213,2/15/2002
1214,2/25/2002
1215,2/26/2002
1216,2/27/2002
1217,2/28/2002
1218,02/29/2002
1219,3/1/2002
1220,3/4/2002
1221,3/5/2002
1222,3/6/2002
1223,3/7/2002
1224,3/8/2002
1225,3/11/2002
1226,3/12/2002
1227,3/13/2002
1228,3/14/2002
1229,3/15/2002
1230,3/18/2002
1231,3/19/2002
1232,3/20/2002
1233,3/21/2002
1234,3/22/2002
1235,4/8/2002
1236,4/9/2002
1237,4/10/2002
1238,4/11/2002
1239,4/12/2002
1240,4/15/2002
1241,4/16/2002
1242,4/17/2002
1243,4/18/2002
1244,4/22/2002
1245,4/23/2002
1246,4/24/2002
1247,4/25/2002
1248,4/26/2002
1249,4/29/2002
1250,4/30/2002
1251,04/31/2002
1252,5/1/2002
1253,5/2/2002
1254,5/3/2002
1255,5/6/2002
1256,5/7/2002
1257,5/8/2002
1258,5/9/2002
1259,5/10/2002
1260,5/13/2002
1261,5/14/2002
1262,5/15/2002
1263,5/16/2002
1264,5/17/2002
1265,5/20/2002
1266,5/21/2002
1267,5/22/2002
1268,5/23/2002
1269,5/24/2002
1270,6/3/2002
1271,6/4/2002
1272,6/5/2002
1273,6/6/2002
1274,6/7/2002
1275,6/10/2002
1276,6/11/2002
1277,6/12/2002
1278,6/13/2002
1279,6/14/2002
1280,6/17/2002
1281,6/18/2002
1282,6/19/2002
1283,6/20/2002
1284,6/21/2002
1285,6/24/2002
1286,6/25/2002
1287,6/26/2002
1288,6/27/2002
1289,6/28/2002
1290,7/8/2002
1291,7/9/2002
1292,7/10/2002
1293,7/11/2002
1294,7/12/2002
1295,7/15/2002
1296,7/16/2002
1297,7/17/2002
1298,7/18/2002
1299,7/19/2002
1300,7/22/2002
1301,7/23/2002
1302,7/24/2002
1303,7/25/2002
1304,7/26/2002
1305,7/29/2002
1306,7/30/2002
1307,7/31/2002
1308,8/1/2002
1309,9/3/2002
1310,9/4/2002
1311,9/5/2002
1312,9/9/2002
1313,9/10/2002
1314,9/11/2002
1315,9/12/2002
1316,9/13/2002
1317,9/17/2002
1318,9/18/2002
1319,9/19/2002
1320,9/20/2002
1321,9/23/2002
1322,9/24/2002
1323,9/25/2002
1324,9/26/2002
1325,9/30/2002
1326,09/31/2002
1327,10/1/2002
1328,10/2/2002
1329,10/3/2002
1330,10/4/2002
1331,10/7/2002
1332,10/8/2002
1333,10/9/2002
1334,10/10/2002
1335,10/11/2002
1336,10/15/2002
1337,10/16/2002
1338,10/17/2002
1339,10/21/2002
1340,10/24/2002
1341,10/28/2002
1342,10/31/2002
1343,11/4/2002
1344,11/7/2002
1345,11/8/2002
1346,11/12/2002
1347,11/13/2002
1348,11/14/2002
1349,11/15/2002
1350,11/18/2002
1351,11/19/2002
1352,11/20/2002
1353,11/22/2002
1354,12/16/2002
1355,1/7/2003
1356,1/8/2003
1357,1/9/2003
1358,1/10/2003
1359,1/13/2003
1360,1/14/2003
1361,1/15/2003
1362,1/16/2003
1363,1/17/2003
1364,1/21/2003
1365,1/22/2003
1366,1/23/2003
1367,1/24/2003
1368,1/27/2003
1369,1/28/2003
1370,1/29/2003
1371,1/30/2003
1372,1/31/2003
1373,2/3/2003
1374,2/4/2003
1375,2/5/2003
1376,2/6/2003
1377,2/7/2003
1378,2/10/2003
1379,2/11/2003
1380,2/12/2003
1381,2/13/2003
1382,2/14/2003
1383,2/24/2003
1384,2/25/2003
1385,2/26/2003
1386,2/27/2003
1387,02/31/2003
1388,3/3/2003
1389,3/4/2003
1390,3/5/2003
1391,3/6/2003
1392,3/7/2003
1393,3/10/2003
1394,3/11/2003
1395,3/12/2003
1396,3/13/2003
1397,3/17/2003
1398,3/18/2003
1399,3/19/2003
1400,3/20/2003
1401,3/21/2003
1402,3/24/2003
1403,3/25/2003
1404,3/26/2003
1405,3/27/2003
1406,3/31/2003
1407,4/1/2003
1408,4/2/2003
1409,4/3/2003
1410,4/7/2003
1411,4/8/2003
1412,4/9/2003
1413,4/10/2003
1414,4/11/2003
1415,4/12/2003
1416,4/28/2003
1417,4/29/2003
1418,4/30/2003
1419,04/31/2003
1420,5/1/2003
1421,5/5/2003
1422,5/6/2003
1423,5/7/2003
1424,5/8/2003
1425,5/9/2003
1426,5/12/2003
1427,5/13/2003
1428,5/14/2003
1429,5/15/2003
1430,5/19/2003
1431,5/20/2003
1432,5/21/2003
1433,5/22/2003
1434,5/23/2003
1435,6/2/2003
1436,6/3/2003
1437,6/4/2003
1438,6/5/2003
1439,6/9/2003
1440,6/10/2003
1441,6/11/2003
1442,6/12/2003
1443,6/13/2003
1444,6/16/2003
1445,6/17/2003
1446,6/18/2003
1447,6/19/2003
1448,6/20/2003
1449,6/23/2003
1450,6/24/2003
1451,6/25/2003
1452,6/26/2003
1453,6/27/2003
1454,7/7/2003
1455,7/8/2003
1456,7/9/2003
1457,7/10/2003
1458,7/11/2003
1459,7/14/2003
1460,7/15/2003
1461,7/16/2003
1462,7/17/2003
1463,7/18/2003
1464,7/21/2003
1465,7/22/2003
1466,7/23/2003
1467,7/24/2003
1468,7/25/2003
1469,7/28/2003
1470,7/29/2003
1471,7/30/2003
1472,7/31/2003
1473,8/1/2003
1474,9/2/2003
1475,9/3/2003
1476,9/4/2003
1477,9/5/2003
1478,9/8/2003
1479,9/9/2003
1480,9/10/2003
1481,9/11/2003
1482,9/15/2003
1483,9/16/2003
1484,9/17/2003
1485,9/18/2003
1486,9/22/2003
1487,9/23/2003
1488,9/24/2003
1489,9/25/2003
1490,9/26/2003
1491,9/29/2003
1492,9/30/2003
1493,09/31/2003
1494,10/1/2003
1495,10/2/2003
1496,10/3/2003
1497,10/7/2003
1498,10/8/2003
1499,10/10/2003
1500,10/14/2003
1501,10/15/2003
1502,10/16/2003
1503,10/17/2003
1504,10/20/2003
1505,10/21/2003
1506,10/22/2003
1507,10/23/2003
1508,10/24/2003
1509,10/27/2003
1510,10/28/2003
1511,10/29/2003
1512,10/30/2003
1513,10/31/2003
1514,11/3/2003
1515,11/4/2003
1516,11/5/2003
1517,11/6/2003
1518,11/7/2003
1519,11/10/2003
1520,11/11/2003
1521,11/12/2003
1522,11/14/2003
1523,11/17/2003
1524,11/18/2003
1525,11/19/2003
1526,11/20/2003
1527,11/21/2003
1528,11/22/2003
1529,11/23/2003
1530,11/24/2003
1531,11/25/2003
1532,12/8/2003
1533,12/9/2003
1534,12/15/2003
1535,1/20/2004
1536,1/21/2004
1537,1/22/2004
1538,1/23/2004
1539,1/26/2004
1540,1/27/2004
1541,1/28/2004
1542,1/29/2004
1543,1/30/2004
1544,2/2/2004
1545,2/3/2004
1546,2/4/2004
1547,2/5/2004
1548,2/6/2004
1549,2/9/2004
1550,2/10/2004
1551,2/11/2004
1552,2/12/2004
1553,2/23/2004
1554,2/24/2004
1555,2/25/2004
1556,2/26/2004
1557,2/27/2004
1558,02/30/2004
1559,02/31/2004
1560,3/1/2004
1561,3/2/2004
1562,3/3/2004
1563,3/4/2004
1564,3/8/2004
1565,3/9/2004
1566,3/10/2004
1567,3/11/2004
1568,3/12/2004
1569,3/16/2004
1570,3/17/2004
1571,3/18/2004
1572,3/22/2004
1573,3/23/2004
1574,3/24/2004
1575,3/25/2004
1576,3/26/2004
1577,3/29/2004
1578,3/30/2004
1579,3/31/2004
1580,4/1/2004
1581,4/2/2004
1582,4/5/2004
1583,4/6/2004
1584,4/7/2004
1585,4/8/2004
1586,4/19/2004
1587,4/20/2004
1588,4/21/2004
1589,4/22/2004
1590,4/26/2004
1591,4/27/2004
1592,4/28/2004
1593,4/29/2004
1594,4/30/2004
1595,5/3/2004
1596,5/4/2004
1597,5/5/2004
1598,5/6/2004
1599,5/7/2004
1600,5/10/2004
1601,5/11/2004
1602,5/12/2004
1603,5/13/2004
1604,5/14/2004
1605,5/17/2004
1606,5/18/2004
1607,5/19/2004
1608,5/20/2004
1609,5/21/2004
1610,6/1/2004
1611,6/2/2004
1612,6/3/2004
1613,6/4/2004
1614,6/7/2004
1615,6/8/2004
1616,6/9/2004
1617,6/14/2004
1618,6/15/2004
1619,6/16/2004
1620,6/17/2004
1621,6/18/2004
1622,6/21/2004
1623,6/22/2004
1624,6/23/2004
1625,6/24/2004
1626,6/25/2004
1627,7/6/2004
1628,7/7/2004
1629,7/8/2004
1630,7/9/2004
1631,7/12/2004
1632,7/13/2004
1633,7/14/2004
1634,7/15/2004
1635,7/16/2004
1636,7/19/2004
1637,7/20/2004
1638,7/21/2004
1639,7/22/2004
1640,9/7/2004
1641,9/8/2004
1642,9/9/2004
1643,9/10/2004
1644,9/13/2004
1645,9/14/2004
1646,9/15/2004
1647,9/16/2004
1648,9/17/2004
1649,9/20/2004
1650,9/21/2004
1651,9/22/2004
1652,9/23/2004
1653,9/24/2004
1654,9/27/2004
1655,9/28/2004
1656,9/29/2004
1657,9/30/2004
1658,09/31/2004
1659,10/1/2004
1660,10/4/2004
1661,10/5/2004
1662,10/6/2004
1663,10/7/2004
1664,10/8/2004
1665,10/9/2004
1666,10/10/2004
1667,10/11/2004
1668,11/16/2004
1669,11/17/2004
1670,11/18/2004
1671,11/19/2004
1672,11/20/2004
1673,11/24/2004
1674,12/6/2004
1675,12/7/2004
1676,12/8/2004
1677,12/20/2004
1678,1/4/2005
1679,1/6/2005
1680,1/20/2005
1681,1/24/2005
1682,1/25/2005
1683,1/26/2005
1684,1/31/2005
1685,2/1/2005
1686,2/2/2005
1687,2/3/2005
1688,2/7/2005
1689,2/8/2005
1690,2/9/2005
1691,2/10/2005
1692,2/14/2005
1693,2/15/2005
1694,2/16/2005
1695,2/17/2005
1696,2/18/2005
1697,2/28/2005
1698,02/29/2005
1699,02/30/2005
1700,02/31/2005
1701,3/1/2005
1702,3/2/2005
1703,3/3/2005
1704,3/4/2005
1705,3/7/2005
1706,3/8/2005
1707,3/9/2005
1708,3/10/2005
1709,3/11/2005
1710,3/14/2005
1711,3/15/2005
1712,3/16/2005
1713,3/17/2005
1714,3/19/2005
1715,3/20/2005
1716,4/4/2005
1717,4/5/2005
1718,4/6/2005
1719,4/7/2005
1720,4/8/2005
1721,4/11/2005
1722,4/12/2005
1723,4/13/2005
1724,4/14/2005
1725,4/15/2005
1726,4/18/2005
1727,4/19/2005
1728,4/20/2005
1729,4/21/2005
1730,4/22/2005
1731,4/25/2005
1732,4/26/2005
1733,4/27/2005
1734,4/28/2005
1735,5/2/2005
1736,5/3/2005
1737,5/4/2005
1738,5/5/2005
1739,5/9/2005
1740,5/10/2005
1741,5/11/2005
1742,5/12/2005
1743,5/13/2005
1744,5/16/2005
1745,5/17/2005
1746,5/18/2005
1747,5/19/2005
1748,5/20/2005
1749,5/23/2005
1750,5/24/2005
1751,5/25/2005
1752,5/26/2005
1753,6/6/2005
1754,6/7/2005
1755,6/8/2005
1756,6/9/2005
1757,6/13/2005
1758,6/14/2005
1759,6/15/2005
1760,6/16/2005
1761,6/17/2005
1762,6/20/2005
1763,6/21/2005
1764,6/22/2005
1765,6/23/2005
1766,6/24/2005
1767,6/27/2005
1768,6/28/2005
1769,6/29/2005
1770,6/30/2005
1771,06/31/2005
1772,7/1/2005
1773,7/11/2005
1774,7/12/2005
1775,7/13/2005
1776,7/14/2005
1777,7/15/2005
1778,7/18/2005
1779,7/19/2005
1780,7/20/2005
1781,7/21/2005
1782,7/22/2005
1783,7/25/2005
1784,7/26/2005
1785,7/27/2005
1786,7/28/2005
1787,7/29/2005
1788,9/1/2005
1789,9/2/2005
1790,9/6/2005
1791,9/7/2005
1792,9/8/2005
1793,9/9/2005
1794,9/12/2005
1795,9/13/2005
1796,9/14/2005
1797,9/15/2005
1798,9/19/2005
1799,9/20/2005
1800,9/21/2005
1801,9/22/2005
1802,9/26/2005
1803,9/27/2005
1804,9/28/2005
1805,9/29/2005
1806,9/30/2005
1807,10/3/2005
1808,10/4/2005
1809,10/5/2005
1810,10/6/2005
1811,10/7/2005
1812,10/17/2005
1813,10/18/2005
1814,10/19/2005
1815,10/20/2005
1816,10/21/2005
1817,10/24/2005
1818,10/25/2005
1819,10/26/2005
1820,10/27/2005
1821,10/28/2005
1822,10/31/2005
1823,11/1/2005
1824,11/2/2005
1825,11/3/2005
1826,11/4/2005
1827,11/7/2005
1828,11/8/2005
1829,11/9/2005
1830,11/10/2005
1831,11/14/2005
1832,11/15/2005
1833,11/16/2005
1834,11/17/2005
1835,11/18/2005
1836,12/6/2005
1837,12/7/2005
1838,12/8/2005
1839,12/12/2005
1840,12/13/2005
1841,12/14/2005
1842,12/15/2005
1843,12/16/2005
1844,12/17/2005
1845,12/18/2005
1846,12/19/2005
1847,12/20/2005
1848,12/21/2005
1849,12/22/2005
1850,12/30/2005
1851,1/3/2006
1852,1/18/2006
1853,1/20/2006
1854,1/24/2006
1855,1/25/2006
1856,1/26/2006
1857,1/27/2006
1858,1/30/2006
1859,1/31/2006
1860,2/1/2006
1861,2/2/2006
1862,2/6/2006
1863,2/7/2006
1864,2/8/2006
1865,2/9/2006
1866,2/10/2006
1867,2/13/2006
1868,2/14/2006
1869,2/15/2006
1870,2/16/2006
1871,2/17/2006
1872,2/27/2006
1873,2/28/2006
1874,02/29/2006
1875,02/30/2006
1876,02/31/2006
1877,3/1/2006
1878,3/2/2006
1879,3/3/2006
1880,3/6/2006
1881,3/7/2006
1882,3/8/2006
1883,3/9/2006
1884,3/13/2006
1885,3/14/2006
1886,3/15/2006
1887,3/16/2006
1888,3/27/2006
1889,3/28/2006
1890,3/29/2006
1891,3/30/2006
1892,3/31/2006
1893,4/3/2006
1894,4/4/2006
1895,4/5/2006
1896,4/6/2006
1897,4/7/2006
1898,4/24/2006
1899,4/25/2006
1900,4/26/2006
1901,4/27/2006
1902,04/31/2006
1903,5/1/2006
1904,5/2/2006
1905,5/3/2006
1906,5/4/2006
1907,5/5/2006
1908,5/8/2006
1909,5/9/2006
1910,5/10/2006
1911,5/11/2006
1912,5/12/2006
1913,5/15/2006
1914,5/16/2006
1915,5/17/2006
1916,5/18/2006
1917,5/19/2006
1918,5/22/2006
1919,5/23/2006
1920,5/24/2006
1921,5/25/2006
1922,5/26/2006
1923,6/5/2006
1924,6/6/2006
1925,6/7/2006
1926,6/8/2006
1927,6/9/2006
1928,6/12/2006
1929,6/13/2006
1930,6/14/2006
1931,6/15/2006
1932,6/16/2006
1933,6/19/2006
1934,6/20/2006
1935,6/21/2006
1936,6/22/2006
1937,6/23/2006
1938,6/26/2006
1939,6/27/2006
1940,6/28/2006
1941,6/29/2006
1942,7/10/2006
1943,7/11/2006
1944,7/12/2006
1945,7/13/2006
1946,7/14/2006
1947,7/17/2006
1948,7/18/2006
1949,7/19/2006
1950,7/20/2006
1951,7/21/2006
1952,7/24/2006
1953,7/25/2006
1954,7/26/2006
1955,7/27/2006
1956,7/28/2006
1957,7/31/2006
1958,8/1/2006
1959,8/2/2006
1960,8/3/2006
1961,9/5/2006
1962,9/6/2006
1963,9/7/2006
1964,9/8/2006
1965,9/11/2006
1966,9/12/2006
1967,9/13/2006
1968,9/14/2006
1969,9/15/2006
1970,9/18/2006
1971,9/19/2006
1972,9/20/2006
1973,9/21/2006
1974,9/22/2006
1975,9/25/2006
1976,9/26/2006
1977,9/27/2006
1978,9/28/2006
1979,9/29/2006
1980,11/9/2006
1981,11/13/2006
1982,11/14/2006
1983,11/15/2006
1984,11/16/2006
1985,12/4/2006
1986,12/5/2006
1987,12/6/2006
1988,12/7/2006
1989,12/8/2006
1990,12/27/2006
1991,1/4/2007
1992,1/5/2007
1993,1/8/2007
1994,1/9/2007
1995,1/10/2007
1996,1/11/2007
1997,1/12/2007
1998,1/16/2007
1999,1/17/2007
2000,1/18/2007
2001,1/19/2007
2002,1/22/2007
2003,1/23/2007
2004,1/24/2007
2005,1/25/2007
2006,1/26/2007
2007,1/29/2007
2008,1/30/2007
2009,1/31/2007
2010,2/1/2007
2011,2/5/2007
2012,2/6/2007
2013,2/7/2007
2014,2/8/2007
2015,2/9/2007
2016,2/12/2007
2017,2/13/2007
2018,2/14/2007
2019,2/15/2007
2020,2/16/2007
2021,2/17/2007
2022,2/26/2007
2023,2/27/2007
2024,2/28/2007
2025,02/29/2007
2026,02/30/2007
2027,3/1/2007
2028,3/2/2007
2029,3/5/2007
2030,3/6/2007
2031,3/7/2007
2032,3/8/2007
2033,3/9/2007
2034,3/12/2007
2035,3/13/2007
2036,3/14/2007
2037,3/15/2007
2038,3/16/2007
2039,3/19/2007
2040,3/20/2007
2041,3/21/2007
2042,3/22/2007
2043,3/23/2007
2044,3/26/2007
2045,3/27/2007
2046,3/28/2007
2047,3/29/2007
2048,3/30/2007
2049,4/10/2007
2050,4/11/2007
2051,4/12/2007
2052,4/16/2007
2053,4/17/2007
2054,4/18/2007
2055,4/19/2007
2056,4/20/2007
2057,4/23/2007
2058,4/24/2007
2059,4/25/2007
2060,4/26/2007
2061,4/30/2007
2062,04/31/2007
2063,5/1/2007
2064,5/2/2007
2065,5/3/2007
2066,5/4/2007
2067,5/7/2007
2068,5/8/2007
2069,5/9/2007
2070,5/10/2007
2071,5/11/2007
2072,5/14/2007
2073,5/15/2007
2074,5/16/2007
2075,5/17/2007
2076,5/21/2007
2077,5/22/2007
2078,5/23/2007
2079,5/24/2007
2080,5/25/2007
2081,6/4/2007
2082,6/5/2007
2083,6/6/2007
2084,6/7/2007
2085,6/8/2007
2086,6/11/2007
2087,6/12/2007
2088,6/13/2007
2089,6/14/2007
2090,6/15/2007
2091,6/18/2007
2092,6/19/2007
2093,6/20/2007
2094,6/21/2007
2095,6/22/2007
2096,6/25/2007
2097,6/26/2007
2098,6/27/2007
2099,6/28/2007
2100,6/29/2007
2101,7/9/2007
2102,7/10/2007
2103,7/11/2007
2104,7/12/2007
2105,7/13/2007
2106,7/16/2007
2107,7/17/2007
2108,7/18/2007
2109,7/19/2007
2110,7/20/2007
2111,7/23/2007
2112,7/24/2007
2113,7/25/2007
2114,7/26/2007
2115,7/27/2007
2116,7/30/2007
2117,7/31/2007
2118,8/1/2007
2119,8/2/2007
2120,8/3/2007
2121,8/4/2007
2122,9/4/2007
2123,9/5/2007
2124,9/6/2007
2125,9/7/2007
2126,9/10/2007
2127,9/11/2007
2128,9/12/2007
2129,9/14/2007
2130,9/17/2007
2131,9/18/2007
2132,9/19/2007
2133,9/20/2007
2134,9/21/2007
2135,9/24/2007
2136,9/25/2007
2137,9/26/2007
2138,9/27/2007
2139,9/28/2007
2140,09/31/2007
2141,10/1/2007
2142,10/2/2007
2143,10/3/2007
2144,10/4/2007
2145,10/5/2007
2146,10/9/2007
2147,10/10/2007
2148,10/12/2007
2149,10/15/2007
2150,10/16/2007
2151,10/17/2007
2152,10/18/2007
2153,10/19/2007
2154,10/22/2007
2155,10/23/2007
2156,10/24/2007
2157,10/25/2007
2158,10/26/2007
2159,10/29/2007
2160,10/30/2007
2161,10/31/2007
2162,11/1/2007
2163,11/2/2007
2164,11/5/2007
2165,11/6/2007
2166,11/7/2007
2167,11/8/2007
2168,11/9/2007
2169,11/13/2007
2170,11/14/2007
2171,11/15/2007
2172,11/16/2007
2173,11/20/2007
2174,11/23/2007
2175,11/27/2007
2176,11/29/2007
2177,12/3/2007
2178,12/4/2007
2179,12/5/2007
2180,12/6/2007
2181,12/7/2007
2182,12/10/2007
2183,12/11/2007
2184,12/12/2007
2185,12/13/2007
2186,12/14/2007
2187,12/17/2007
2188,12/18/2007
2189,12/19/2007
2190,12/21/2007
2191,12/23/2007
2192,12/26/2007
2193,12/28/2007
2194,12/31/2007
2195,1/3/2008
2196,1/7/2008
2197,1/9/2008
2198,1/11/2008
2199,1/15/2008
2200,1/16/2008
2201,1/17/2008
2202,1/18/2008
2203,1/22/2008
2204,1/23/2008
2205,1/24/2008
2206,1/25/2008
2207,1/28/2008
2208,1/29/2008
2209,1/30/2008
2210,1/31/2008
2211,2/4/2008
2212,2/5/2008
2213,2/6/2008
2214,2/7/2008
2215,2/8/2008
2216,2/11/2008
2217,2/12/2008
2218,2/13/2008
2219,2/14/2008
2220,2/15/2008
2221,2/19/2008
2222,2/21/2008
2223,2/22/2008
2224,2/25/2008
2225,2/26/2008
2226,2/27/2008
2227,2/28/2008
2228,2/29/2008
2229,3/3/2008
2230,3/4/2008
2231,3/5/2008
2232,3/6/2008
2233,3/7/2008
2234,3/10/2008
2235,3/11/2008
2236,3/12/2008
2237,3/13/2008
2238,3/14/2008
2239,3/18/2008
2240,3/21/2008
2241,3/24/2008
2242,3/27/2008
2243,3/31/2008
2244,4/1/2008
2245,4/2/2008
2246,4/3/2008
2247,4/4/2008
2248,4/7/2008
2249,4/8/2008
2250,4/9/2008
2251,4/10/2008
2252,4/14/2008
2253,4/15/2008
2254,4/16/2008
2255,4/17/2008
2256,4/18/2008
2257,4/21/2008
2258,4/22/2008
2259,4/23/2008
2260,4/24/2008
2261,4/25/2008
2262,4/28/2008
2263,4/29/2008
2264,4/30/2008
2265,04/31/2008
2266,5/1/2008
2267,5/2/2008
2268,5/5/2008
2269,5/6/2008
2270,5/7/2008
2271,5/8/2008
2272,5/12/2008
2273,5/13/2008
2274,5/14/2008
2275,5/15/2008
2276,5/16/2008
2277,5/19/2008
2278,5/20/2008
2279,5/21/2008
2280,5/22/2008
2281,5/23/2008
2282,5/27/2008
2283,5/29/2008
2284,6/2/2008
2285,6/3/2008
2286,6/4/2008
2287,6/5/2008
2288,6/6/2008
2289,6/9/2008
2290,6/10/2008
2291,6/11/2008
2292,6/12/2008
2293,6/13/2008
2294,6/16/2008
2295,6/17/2008
2296,6/18/2008
2297,6/19/2008
2298,6/20/2008
2299,6/23/2008
2300,6/24/2008
2301,6/25/2008
2302,6/26/2008
2303,6/27/2008
2304,6/30/2008
2305,7/7/2008
2306,7/8/2008
2307,7/9/2008
2308,7/10/2008
2309,7/11/2008
2310,7/14/2008
2311,7/15/2008
2312,7/16/2008
2313,7/17/2008
2314,7/21/2008
2315,7/22/2008
2316,7/23/2008
2317,7/24/2008
2318,7/25/2008
2319,7/26/2008
2320,7/27/2008
2321,7/28/2008
2322,7/29/2008
2323,7/30/2008
2324,7/31/2008
2325,8/1/2008
2326,8/5/2008
2327,8/8/2008
2328,8/12/2008
2329,8/15/2008
2330,8/19/2008
2331,8/22/2008
2332,8/26/2008
2333,8/29/2008
2334,9/2/2008
2335,9/5/2008
2336,9/8/2008
2337,9/9/2008
2338,9/10/2008
2339,9/11/2008
2340,9/12/2008
2341,9/15/2008
2342,9/16/2008
2343,9/17/2008
2344,9/18/2008
2345,9/22/2008
2346,9/23/2008
2347,9/24/2008
2348,9/25/2008
2349,9/26/2008
2350,9/27/2008
2351,9/28/2008
2352,9/29/2008
2353,9/30/2008
2354,09/31/2008
2355,10/1/2008
2356,10/2/2008
2357,10/3/2008
2358,10/6/2008
2359,10/7/2008
2360,10/10/2008
2361,10/14/2008
2362,10/16/2008
2363,10/20/2008
2364,10/23/2008
2365,10/27/2008
2366,10/30/2008
2367,11/3/2008
2368,11/6/2008
2369,11/10/2008
2370,11/13/2008
2371,11/17/2008
2372,11/19/2008
2373,11/20/2008
2374,11/24/2008
2375,11/26/2008
2376,11/29/2008
2377,12/2/2008
2378,12/5/2008
2379,12/8/2008
2380,12/9/2008
2381,12/10/2008
2382,12/11/2008
2383,12/12/2008
2384,12/16/2008
2385,12/19/2008
2386,12/23/2008
2387,12/26/2008
2388,12/30/2008
2389,1/2/2009
2390,1/3/2009
2391,1/6/2009
2392,1/7/2009
2393,1/8/2009
2394,1/9/2009
2395,1/11/2009
2396,1/12/2009
2397,1/13/2009
2398,1/14/2009
2399,1/15/2009
2400,1/16/2009
2401,1/20/2009
2402,1/21/2009
2403,1/22/2009
2404,1/23/2009
2405,1/26/2009
2406,1/27/2009
2407,1/28/2009
2408,1/29/2009
2409,1/30/2009
2410,2/2/2009
2411,2/3/2009
2412,2/4/2009
2413,2/5/2009
2414,2/6/2009
2415,2/7/2009
2416,2/9/2009
2417,2/10/2009
2418,2/11/2009
2419,2/12/2009
2420,2/13/2009
2421,2/23/2009
2422,2/24/2009
2423,2/25/2009
2424,2/26/2009
2425,2/27/2009
2426,02/30/2009
2427,02/31/2009
2428,3/2/2009
2429,3/3/2009
2430,3/4/2009
2431,3/5/2009
2432,3/6/2009
2433,3/9/2009
2434,3/10/2009
2435,3/11/2009
2436,3/12/2009
2437,3/16/2009
2438,3/17/2009
2439,3/18/2009
2440,3/19/2009
2441,3/23/2009
2442,3/24/2009
2443,3/25/2009
2444,3/26/2009
2445,3/30/2009
2446,3/31/2009
2447,4/1/2009
2448,4/2/2009
2449,4/20/2009
2450,4/21/2009
2451,4/22/2009
2452,4/23/2009
2453,4/24/2009
2454,4/27/2009
2455,4/28/2009
2456,4/29/2009
2457,4/30/2009
2458,04/31/2009
2459,5/1/2009
2460,5/4/2009
2461,5/5/2009
2462,5/6/2009
2463,5/7/2009
2464,5/11/2009
2465,5/12/2009
2466,5/13/2009
2467,5/14/2009
2468,5/15/2009
2469,5/18/2009
2470,5/19/2009
2471,5/20/2009
2472,5/21/2009
2473,6/1/2009
2474,6/2/2009
2475,6/3/2009
2476,6/4/2009
2477,6/8/2009
2478,6/9/2009
2479,6/10/2009
2480,6/11/2009
2481,6/12/2009
2482,6/15/2009
2483,6/16/2009
2484,6/17/2009
2485,6/18/2009
2486,6/19/2009
2487,6/22/2009
2488,6/23/2009
2489,6/24/2009
2490,6/25/2009
2491,6/26/2009
2492,7/6/2009
2493,7/7/2009
2494,7/8/2009
2495,7/9/2009
2496,7/10/2009
2497,7/13/2009
2498,7/14/2009
2499,7/15/2009
2500,7/16/2009
2501,7/17/2009
2502,7/20/2009
2503,7/21/2009
2504,7/22/2009
2505,7/23/2009
2506,7/24/2009
2507,7/27/2009
2508,7/28/2009
2509,7/29/2009
2510,7/30/2009
2511,7/31/2009
2512,8/3/2009
2513,8/4/2009
2514,8/5/2009
2515,8/6/2009
2516,8/7/2009
2517,8/10/2009
2518,9/8/2009
2519,9/9/2009
2520,9/10/2009
2521,9/11/2009
2522,9/14/2009
2523,9/15/2009
2524,9/16/2009
2525,9/17/2009
2526,9/21/2009
2527,9/22/2009
2528,9/23/2009
2529,9/24/2009
2530,9/25/2009
2531,9/29/2009
2532,9/30/2009
2533,09/31/2009
2534,10/1/2009
2535,10/2/2009
2536,10/5/2009
2537,10/6/2009
2538,10/7/2009
2539,10/8/2009
2540,10/9/2009
2541,10/13/2009
2542,10/14/2009
2543,10/15/2009
2544,10/16/2009
2545,10/19/2009
2546,10/20/2009
2547,10/21/2009
2548,10/22/2009
2549,10/23/2009
2550,10/26/2009
2551,10/27/2009
2552,10/28/2009
2553,10/29/2009
2554,10/30/2009
2555,11/2/2009
2556,11/3/2009
2557,11/4/2009
2558,11/5/2009
2559,11/6/2009
2560,11/7/2009
2561,11/9/2009
2562,11/10/2009
2563,11/16/2009
2564,11/17/2009
2565,11/18/2009
2566,11/19/2009
2567,11/20/2009
2568,11/21/2009
2569,11/30/2009
2570,11/31/2009
2571,12/1/2009
2572,12/2/2009
2573,12/3/2009
2574,12/4/2009
2575,12/5/2009
2576,12/6/2009
2577,12/7/2009
2578,12/8/2009
2579,12/9/2009
2580,12/10/2009
2581,12/11/2009
2582,12/12/2009
2583,12/13/2009
2584,12/14/2009
2585,12/15/2009
2586,12/16/2009
2587,12/17/2009
2588,12/18/2009
2589,12/19/2009
2590,12/20/2009
2591,12/21/2009
2592,12/22/2009
2593,12/23/2009
2594,12/24/2009
2595,1/5/2010
2596,1/12/2010
2597,1/13/2010
2598,1/15/2010
2599,1/19/2010
2600,1/20/2010
2601,1/21/2010
2602,1/22/2010
2603,1/25/2010
2604,1/26/2010
2605,1/27/2010
2606,1/28/2010
2607,1/29/2010
2608,2/1/2010
2609,2/2/2010
2610,2/3/2010
2611,2/4/2010
2612,2/5/2010
2613,2/8/2010
2614,2/9/2010
2615,2/11/2010
2616,2/22/2010
2617,2/23/2010
2618,2/24/2010
2619,2/25/2010
2620,2/26/2010
2621,02/29/2010
2622,02/30/2010
2623,02/31/2010
2624,3/1/2010
2625,3/2/2010
2626,3/3/2010
2627,3/4/2010
2628,3/5/2010
2629,3/8/2010
2630,3/9/2010
2631,3/10/2010
2632,3/11/2010
2633,3/12/2010
2634,3/15/2010
2635,3/16/2010
2636,3/17/2010
2637,3/18/2010
2638,3/19/2010
2639,3/20/2010
2640,3/21/2010
2641,3/22/2010
2642,3/23/2010
2643,3/24/2010
2644,3/25/2010
2645,3/26/2010
2646,4/12/2010
2647,4/13/2010
2648,4/14/2010
2649,4/15/2010
2650,4/16/2010
2651,4/19/2010
2652,4/20/2010
2653,4/21/2010
2654,4/22/2010
2655,4/26/2010
2656,4/27/2010
2657,4/28/2010
2658,4/29/2010
2659,4/30/2010
2660,5/3/2010
2661,5/4/2010
2662,5/5/2010
2663,5/6/2010
2664,5/7/2010
2665,5/10/2010
2666,5/11/2010
2667,5/12/2010
2668,5/13/2010
2669,5/14/2010
2670,5/17/2010
2671,5/18/2010
2672,5/19/2010
2673,5/20/2010
2674,5/21/2010
2675,5/24/2010
2676,5/25/2010
2677,5/26/2010
2678,5/27/2010
2679,5/28/2010
2680,6/7/2010
2681,6/8/2010
2682,6/9/2010
2683,6/10/2010
2684,6/14/2010
2685,6/15/2010
2686,6/16/2010
2687,6/17/2010
2688,6/18/2010
2689,6/21/2010
2690,6/22/2010
2691,6/23/2010
2692,6/24/2010
2693,6/25/2010
2694,6/28/2010
2695,6/29/2010
2696,6/30/2010
2697,06/31/2010
2698,7/1/2010
2699,7/12/2010
2700,7/13/2010
2701,7/14/2010
2702,7/15/2010
2703,7/19/2010
2704,7/20/2010
2705,7/21/2010
2706,7/22/2010
2707,7/26/2010
2708,7/27/2010
2709,7/28/2010
2710,7/29/2010
2711,7/30/2010
2712,8/2/2010
2713,8/3/2010
2714,8/4/2010
2715,8/5/2010
2716,8/9/2010
2717,8/10/2010
2718,8/12/2010
2719,9/13/2010
2720,9/14/2010
2721,9/15/2010
2722,9/16/2010
2723,9/20/2010
2724,9/21/2010
2725,9/22/2010
2726,9/23/2010
2727,9/24/2010
2728,9/27/2010
2729,9/28/2010
2730,9/29/2010
2731,09/31/2010
2732,10/1/2010
2733,10/5/2010
2734,10/8/2010
2735,10/12/2010
2736,10/15/2010
2737,10/19/2010
2738,10/22/2010
2739,10/26/2010
2740,10/29/2010
2741,11/1/2010
2742,11/4/2010
2743,11/8/2010
2744,11/10/2010
2745,11/12/2010
2746,11/15/2010
2747,11/16/2010
2748,11/17/2010
2749,11/18/2010
2750,11/19/2010
2751,11/29/2010
2752,11/30/2010
2753,11/31/2010
2754,12/1/2010
2755,12/2/2010
2756,12/3/2010
2757,12/4/2010
2758,12/6/2010
2759,12/7/2010
2760,12/8/2010
2761,12/9/2010
2762,12/10/2010
2763,12/13/2010
2764,12/14/2010
2765,12/15/2010
2766,12/16/2010
2767,12/17/2010
2768,12/18/2010
2769,12/19/2010
2770,12/20/2010
2771,12/21/2010
2772,12/22/2010
2773,12/29/2010
2774,1/5/2011
2775,1/6/2011
2776,1/7/2011
2777,1/11/2011
2778,1/12/2011
2779,1/18/2011
2780,1/19/2011
2781,1/20/2011
2782,1/24/2011
2783,1/25/2011
2784,1/26/2011
2785,1/27/2011
2786,1/31/2011
2787,2/1/2011
2788,2/2/2011
2789,2/3/2011
2790,2/4/2011
2791,2/7/2011
2792,2/8/2011
2793,2/9/2011
2794,2/10/2011
2795,2/11/2011
2796,2/14/2011
2797,2/15/2011
2798,2/16/2011
2799,2/17/2011
2800,2/18/2011
2801,2/28/2011
2802,02/29/2011
2803,02/30/2011
2804,02/31/2011
2805,3/1/2011
2806,3/2/2011
2807,3/3/2011
2808,3/4/2011
2809,3/7/2011
2810,3/8/2011
2811,3/9/2011
2812,3/10/2011
2813,3/11/2011
2814,3/14/2011
2815,3/15/2011
2816,3/16/2011
2817,3/17/2011
2818,3/28/2011
2819,3/29/2011
2820,3/30/2011
2821,3/31/2011
2822,4/1/2011
2823,4/4/2011
2824,4/5/2011
2825,4/6/2011
2826,4/7/2011
2827,4/8/2011
2828,4/11/2011
2829,4/12/2011
2830,4/13/2011
2831,4/14/2011
2832,4/15/2011
2833,5/2/2011
2834,5/3/2011
2835,5/4/2011
2836,5/5/2011
2837,5/6/2011
2838,5/9/2011
2839,5/10/2011
2840,5/11/2011
2841,5/12/2011
2842,5/13/2011
2843,5/16/2011
2844,5/17/2011
2845,5/18/2011
2846,5/19/2011
2847,5/23/2011
2848,5/24/2011
2849,5/25/2011
2850,5/26/2011
2851,5/27/2011
2852,5/31/2011
2853,6/1/2011
2854,6/2/2011
2855,6/3/2011
2856,6/6/2011
2857,6/7/2011
2858,6/8/2011
2859,6/9/2011
2860,6/13/2011
2861,6/14/2011
2862,6/15/2011
2863,6/16/2011
2864,6/20/2011
2865,6/21/2011
2866,6/22/2011
2867,6/23/2011
2868,6/24/2011
2869,6/27/2011
2870,6/28/2011
2871,6/29/2011
2872,6/30/2011
2873,06/31/2011
2874,7/1/2011
2875,7/5/2011
2876,7/6/2011
2877,7/8/2011
2878,7/11/2011
2879,7/12/2011
2880,7/13/2011
2881,7/14/2011
2882,7/15/2011
2883,7/18/2011
2884,7/19/2011
2885,7/20/2011
2886,7/21/2011
2887,7/22/2011
2888,7/25/2011
2889,7/26/2011
2890,7/27/2011
2891,7/28/2011
2892,7/29/2011
2893,7/30/2011
2894,7/31/2011
2895,8/1/2011
2896,8/2/2011
2897,8/5/2011
2898,8/9/2011
2899,8/12/2011
2900,8/16/2011
2901,8/19/2011
2902,8/23/2011
2903,8/26/2011
2904,8/30/2011
2905,9/2/2011
2906,9/6/2011
2907,9/7/2011
2908,9/8/2011
2909,9/9/2011
2910,9/12/2011
2911,9/13/2011
2912,9/14/2011
2913,9/15/2011
2914,9/16/2011
2915,9/19/2011
2916,9/20/2011
2917,9/21/2011
2918,9/22/2011
2919,9/23/2011
2920,9/26/2011
2921,9/29/2011
2922,10/3/2011
2923,10/4/2011
2924,10/5/2011
2925,10/6/2011
2926,10/7/2011
2927,10/11/2011
2928,10/12/2011
2929,10/13/2011
2930,10/14/2011
2931,10/17/2011
2932,10/18/2011
2933,10/19/2011
2934,10/20/2011
2935,10/21/2011
2936,10/24/2011
2937,10/25/2011
2938,10/26/2011
2939,10/27/2011
2940,10/31/2011
2941,11/1/2011
2942,11/2/2011
2943,11/3/2011
2944,11/4/2011
2945,11/7/2011
2946,11/8/2011
2947,11/9/2011
2948,11/10/2011
2949,11/14/2011
2950,11/15/2011
2951,11/16/2011
2952,11/17/2011
2953,11/18/2011
2954,11/22/2011
2955,11/25/2011
2956,11/28/2011
2957,11/29/2011
2958,11/30/2011
2959,11/31/2011
2960,12/1/2011
2961,12/2/2011
2962,12/5/2011
2963,12/6/2011
2964,12/7/2011
2965,12/8/2011
2966,12/9/2011
2967,12/12/2011
2968,12/13/2011
2969,12/14/2011
2970,12/15/2011
2971,12/16/2011
2972,12/17/2011
2973,12/19/2011
2974,12/20/2011
2975,12/21/2011
2976,12/23/2011
2977,12/27/2011
2978,1/3/2012
2979,1/6/2012
2980,1/10/2012
2981,1/13/2012
2982,1/17/2012
2983,1/18/2012
2984,1/19/2012
2985,1/20/2012
2986,1/23/2012
2987,1/24/2012
2988,1/25/2012
2989,1/26/2012
2990,1/27/2012
2991,1/30/2012
2992,1/31/2012
2993,2/1/2012
2994,2/2/2012
2995,2/3/2012
2996,2/6/2012
2997,2/7/2012
2998,2/8/2012
2999,2/9/2012
3000,2/13/2012
3001,2/14/2012
3002,2/15/2012
3003,2/16/2012
3004,2/17/2012
3005,2/21/2012
3006,2/24/2012
3007,2/27/2012
3008,2/28/2012
3009,2/29/2012
3010,02/30/2012
3011,02/31/2012
3012,3/1/2012
3013,3/2/2012
3014,3/5/2012
3015,3/6/2012
3016,3/7/2012
3017,3/8/2012
3018,3/9/2012
3019,3/12/2012
3020,3/13/2012
3021,3/14/2012
3022,3/15/2012
3023,3/16/2012
3024,3/19/2012
3025,3/20/2012
3026,3/21/2012
3027,3/22/2012
3028,3/26/2012
3029,3/27/2012
3030,3/28/2012
3031,3/29/2012
3032,3/30/2012
3033,4/16/2012
3034,4/17/2012
3035,4/18/2012
3036,4/19/2012
3037,4/23/2012
3038,4/24/2012
3039,4/25/2012
3040,4/26/2012
3041,4/27/2012
3042,5/7/2012
3043,5/8/2012
3044,5/9/2012
3045,5/10/2012
3046,5/11/2012
3047,5/14/2012
3048,5/15/2012
3049,5/16/2012
3050,5/17/2012
3051,5/18/2012
3052,5/21/2012
3053,5/22/2012
3054,5/23/2012
3055,5/24/2012
3056,5/25/2012
3057,5/29/2012
3058,5/30/2012
3059,5/31/2012
3060,6/1/2012
3061,6/4/2012
3062,6/5/2012
3063,6/6/2012
3064,6/7/2012
3065,6/8/2012
3066,6/11/2012
3067,6/12/2012
3068,6/13/2012
3069,6/14/2012
3070,6/15/2012
3071,6/18/2012
3072,6/19/2012
3073,6/20/2012
3074,6/21/2012
3075,6/25/2012
3076,6/26/2012
3077,6/27/2012
3078,6/28/2012
3079,6/29/2012
3080,7/9/2012
3081,7/10/2012
3082,7/11/2012
3083,7/12/2012
3084,7/13/2012
3085,7/16/2012
3086,7/17/2012
3087,7/18/2012
3088,7/19/2012
3089,7/23/2012
3090,7/24/2012
3091,7/25/2012
3092,7/26/2012
3093,7/30/2012
3094,7/31/2012
3095,8/2/2012
3096,8/3/2012
3097,8/7/2012
3098,8/28/2012
3099,9/10/2012
3100,9/11/2012
3101,9/12/2012
3102,9/13/2012
3103,9/14/2012
3104,9/17/2012
3105,9/18/2012
3106,9/19/2012
3107,9/20/2012
3108,9/21/2012
3109,9/25/2012
3110,9/28/2012
3111,10/2/2012
3112,10/5/2012
3113,10/9/2012
3114,10/12/2012
3115,10/16/2012
3116,10/19/2012
3117,10/23/2012
3118,10/26/2012
3119,10/30/2012
3120,11/2/2012
3121,11/6/2012
3122,11/9/2012
3123,11/13/2012
3124,11/14/2012
3125,11/15/2012
3126,11/16/2012
3127,11/26/2012
3128,11/27/2012
3129,11/28/2012
3130,11/29/2012
3131,11/30/2012
3132,12/3/2012
3133,12/4/2012
3134,12/5/2012
3135,12/6/2012
3136,12/7/2012
3137,12/10/2012
3138,12/11/2012
3139,12/12/2012
3140,12/13/2012
3141,12/17/2012
3142,12/18/2012
3143,12/19/2012
3144,12/20/2012
3145,12/21/2012
3146,12/24/2012
3147,12/27/2012
3148,12/28/2012
3149,12/30/2012
3150,12/31/2012
3151,1/1/2013
3152,1/2/2013
3153,1/3/2013
3154,1/4/2013
3155,1/14/2013
3156,1/15/2013
3157,1/18/2013
3158,1/21/2013
3159,1/22/2013
3160,1/23/2013
3161,1/24/2013
3162,1/25/2013
3163,1/28/2013
3164,1/29/2013
3165,1/30/2013
3166,1/31/2013
3167,2/1/2013
3168,2/4/2013
3169,2/5/2013
3170,2/6/2013
3171,2/7/2013
3172,2/8/2013
3173,2/11/2013
3174,2/12/2013
3175,2/13/2013
3176,2/14/2013
3177,2/15/2013
3178,2/25/2013
3179,2/26/2013
3180,2/27/2013
3181,2/28/2013
3182,3/4/2013
3183,3/5/2013
3184,3/6/2013
3185,3/7/2013
3186,3/11/2013
3187,3/12/2013
3188,3/13/2013
3189,3/14/2013
3190,3/15/2013
3191,3/18/2013
3192,3/19/2013
3193,3/20/2013
3194,3/21/2013
3195,3/22/2013
3196,3/25/2013
3197,4/8/2013
3198,4/9/2013
3199,4/10/2013
3200,4/11/2013
3201,4/12/2013
3202,4/15/2013
3203,4/16/2013
3204,4/17/2013
3205,4/18/2013
3206,4/19/2013
3207,4/22/2013
3208,4/23/2013
3209,4/24/2013
3210,4/25/2013
3211,4/26/2013
3212,4/30/2013
3213,5/3/2013
3214,5/6/2013
3215,5/7/2013
3216,5/8/2013
3217,5/9/2013
3218,5/13/2013
3219,5/14/2013
3220,5/15/2013
3221,5/16/2013
3222,5/17/2013
3223,5/20/2013
3224,5/21/2013
3225,5/22/2013
3226,5/23/2013
3227,5/24/2013
3228,6/3/2013
3229,6/4/2013
3230,6/5/2013
3231,6/6/2013
3232,6/7/2013
3233,6/10/2013
3234,6/11/2013
3235,6/12/2013
3236,6/13/2013
3237,6/14/2013
3238,6/17/2013
3239,6/18/2013
3240,6/19/2013
3241,6/20/2013
3242,6/21/2013
3243,6/24/2013
3244,6/25/2013
3245,6/26/2013
3246,6/27/2013
3247,6/28/2013
3248,7/8/2013
3249,7/9/2013
3250,7/10/2013
3251,7/11/2013
3252,7/15/2013
3253,7/16/2013
3254,7/17/2013
3255,7/18/2013
3256,7/19/2013
3257,7/22/2013
3258,7/23/2013
3259,7/24/2013
3260,7/25/2013
3261,7/26/2013
3262,7/29/2013
3263,7/30/2013
3264,7/31/2013
3265,8/1/2013
3266,8/2/2013
3267,8/12/2013
3268,9/6/2013
3269,9/9/2013
3270,9/10/2013
3271,9/11/2013
3272,9/12/2013
3273,9/16/2013
3274,9/17/2013
3275,9/18/2013
3276,9/19/2013
3277,9/20/2013
3278,9/23/2013
3279,9/24/2013
3280,9/25/2013
3281,9/26/2013
3282,9/27/2013
3283,9/28/2013
3284,9/30/2013
3285,09/31/2013
3286,10/1/2013
3287,10/2/2013
3288,10/3/2013
3289,10/4/2013
3290,10/5/2013
3291,10/7/2013
3292,10/8/2013
3293,10/9/2013
3294,10/10/2013
3295,10/11/2013
3296,10/12/2013
3297,10/13/2013
3298,10/14/2013
3299,10/15/2013
3300,10/16/2013
3301,10/22/2013
3302,10/23/2013
3303,10/24/2013
3304,10/28/2013
3305,10/29/2013
3306,10/30/2013
3307,10/31/2013
3308,11/4/2013
3309,11/5/2013
3310,11/6/2013
3311,11/7/2013
3312,11/8/2013
3313,11/12/2013
3314,11/13/2013
3315,11/14/2013
3316,11/15/2013
3317,11/18/2013
3318,11/19/2013
3319,11/20/2013
3320,11/21/2013
3321,11/22/2013
3322,12/2/2013
3323,12/3/2013
3324,12/4/2013
3325,12/5/2013
3326,12/9/2013
3327,12/10/2013
3328,12/12/2013
3329,12/13/2013
3330,12/17/2013
3331,12/18/2013
3332,12/19/2013
3333,12/20/2013
3334,12/23/2013
3335,12/24/2013
3336,1/3/2014
3337,1/6/2014
3338,1/7/2014
3339,1/8/2014
3340,1/9/2014
3341,1/10/2014
3342,1/13/2014
3343,1/14/2014
3344,1/15/2014
3345,1/16/2014
3346,1/17/2014
3347,1/21/2014
3348,1/23/2014
3349,1/24/2014
3350,1/27/2014
3351,1/28/2014
3352,1/29/2014
3353,1/30/2014
3354,1/31/2014
3355,2/3/2014
3356,2/4/2014
3357,2/5/2014
3358,2/6/2014
3359,2/10/2014
3360,2/11/2014
3361,2/12/2014
3362,2/14/2014
3363,2/18/2014
3364,2/21/2014
3365,2/24/2014
3366,2/25/2014
3367,2/26/2014
3368,2/27/2014
3369,2/28/2014
3370,02/31/2014
3371,3/3/2014
3372,3/4/2014
3373,3/5/2014
3374,3/6/2014
3375,3/10/2014
3376,3/11/2014
3377,3/12/2014
3378,3/13/2014
3379,3/14/2014
3380,3/18/2014
3381,3/21/2014
3382,3/24/2014
3383,3/25/2014
3384,3/26/2014
3385,3/27/2014
3386,3/28/2014
3387,3/31/2014
3388,4/1/2014
3389,4/2/2014
3390,4/3/2014
3391,4/4/2014
3392,4/7/2014
3393,4/8/2014
3394,4/9/2014
3395,4/10/2014
3396,4/11/2014
3397,4/28/2014
3398,4/29/2014
3399,4/30/2014
3400,04/31/2014
3401,5/1/2014
3402,5/2/2014
3403,5/5/2014
3404,5/6/2014
3405,5/7/2014
3406,5/8/2014
3407,5/9/2014
3408,5/12/2014
3409,5/13/2014
3410,5/14/2014
3411,5/15/2014
3412,5/19/2014
3413,5/20/2014
3414,5/21/2014
3415,5/22/2014
3416,5/23/2014
3417,5/27/2014
3418,5/28/2014
3419,5/29/2014
3420,5/30/2014
3421,6/2/2014
3422,6/3/2014
3423,6/4/2014
3424,6/5/2014
3425,6/9/2014
3426,6/10/2014
3427,6/11/2014
3428,6/12/2014
3429,6/13/2014
3430,6/16/2014
3431,6/17/2014
3432,6/18/2014
3433,6/19/2014
3434,6/20/2014
3435,6/23/2014
3436,6/24/2014
3437,6/25/2014
3438,6/26/2014
3439,6/30/2014
3440,7/3/2014
3441,7/7/2014
3442,7/8/2014
3443,7/9/2014
3444,7/10/2014
3445,7/11/2014
3446,7/14/2014
3447,7/15/2014
3448,7/16/2014
3449,7/17/2014
3450,7/18/2014
3451,7/21/2014
3452,7/22/2014
3453,7/23/2014
3454,7/24/2014
3455,7/25/2014
3456,7/28/2014
3457,7/29/2014
3458,7/30/2014
3459,7/31/2014
3460,8/1/2014
3461,8/4/2014
3462,8/5/2014
3463,8/8/2014
3464,9/8/2014
3465,9/9/2014
3466,9/10/2014
3467,9/11/2014
3468,9/15/2014
3469,9/16/2014
3470,9/17/2014
3471,9/18/2014
3472,9/19/2014
3473,10/15/2014
3474,11/12/2014
3475,11/13/2014
3476,11/14/2014
3477,11/17/2014
3478,11/18/2014
3479,11/19/2014
3480,11/20/2014
3481,11/31/2014
3482,12/1/2014
3483,12/2/2014
3484,12/3/2014
3485,12/4/2014
3486,12/8/2014
3487,12/9/2014
3488,12/10/2014
3489,12/11/2014
3490,12/12/2014
3491,12/13/2014
3492,12/15/2014
3493,12/16/2014
3494,1/2/2015
3495,1/6/2015
3496,1/7/2015
3497,1/8/2015
3498,1/9/2015
3499,1/12/2015
3500,1/13/2015
3501,1/14/2015
3502,1/16/2015
3503,1/20/2015
3504,1/21/2015
3505,1/22/2015
3506,1/26/2015
3507,1/27/2015
3508,1/28/2015
3509,1/29/2015
3510,1/30/2015
3511,2/2/2015
3512,2/3/2015
3513,2/4/2015
3514,2/5/2015
3515,2/9/2015
3516,2/10/2015
3517,2/11/2015
3518,2/12/2015
3519,2/13/2015
3520,2/16/2015
3521,2/17/2015
3522,2/19/2015
3523,2/20/2015
3524,2/23/2015
3525,2/24/2015
3526,2/25/2015
3527,2/26/2015
3528,2/27/2015
3529,02/30/2015
3530,02/31/2015
3531,3/2/2015
3532,3/3/2015
3533,3/4/2015
3534,3/6/2015
3535,3/9/2015
3536,3/10/2015
3537,3/11/2015
3538,3/12/2015
3539,3/13/2015
3540,3/16/2015
3541,3/17/2015
3542,3/18/2015
3543,3/19/2015
3544,3/23/2015
3545,3/24/2015
3546,3/25/2015
3547,3/26/2015
3548,4/13/2015
3549,4/14/2015
3550,4/15/2015
3551,4/16/2015
3552,4/17/2015
3553,4/20/2015
3554,4/21/2015
3555,4/22/2015
3556,4/23/2015
3557,4/27/2015
3558,4/28/2015
3559,4/29/2015
3560,4/30/2015
3561,04/31/2015
3562,5/1/2015
3563,5/4/2015
3564,5/5/2015
3565,5/6/2015
3566,5/7/2015
3567,5/8/2015
3568,5/11/2015
3569,5/12/2015
3570,5/13/2015
3571,5/14/2015
3572,5/15/2015
3573,5/18/2015
3574,5/19/2015
3575,5/20/2015
3576,5/21/2015
3577,5/22/2015
3578,5/23/2015
3579,5/26/2015
3580,5/28/2015
3581,5/29/2015
3582,5/31/2015
3583,6/1/2015
3584,6/2/2015
3585,6/3/2015
3586,6/4/2015
3587,6/8/2015
3588,6/9/2015
3589,6/10/2015
3590,6/11/2015
3591,6/12/2015
3592,6/15/2015
3593,6/16/2015
3594,6/17/2015
3595,6/18/2015
3596,6/19/2015
3597,6/22/2015
3598,6/23/2015
3599,6/24/2015
3600,6/25/2015
3601,7/7/2015
3602,7/8/2015
3603,7/9/2015
3604,7/10/2015
3605,7/13/2015
3606,7/14/2015
3607,7/15/2015
3608,7/16/2015
3609,7/17/2015
3610,7/20/2015
3611,7/21/2015
3612,7/22/2015
3613,7/23/2015
3614,7/24/2015
3615,7/26/2015
3616,7/27/2015
3617,7/28/2015
3618,7/29/2015
3619,7/30/2015
3620,7/31/2015
3621,8/3/2015
3622,8/4/2015
3623,8/5/2015
3624,8/6/2015
3625,9/8/2015
3626,9/9/2015
3627,9/10/2015
3628,9/11/2015
3629,9/15/2015
3630,9/16/2015
3631,9/17/2015
3632,9/18/2015
3633,9/21/2015
3634,9/22/2015
3635,9/24/2015
3636,9/25/2015
3637,9/28/2015
3638,9/29/2015
3639,9/30/2015
3640,09/31/2015
3641,10/1/2015
3642,10/2/2015
3643,10/5/2015
3644,10/6/2015
3645,10/7/2015
3646,10/8/2015
3647,10/9/2015
3648,10/13/2015
3649,10/16/2015
3650,10/19/2015
3651,10/20/2015
3652,10/21/2015
3653,10/22/2015
3654,10/23/2015
3655,10/26/2015
3656,10/27/2015
3657,10/28/2015
3658,10/29/2015
3659,10/30/2015
3660,11/2/2015
3661,11/3/2015
3662,11/4/2015
3663,11/5/2015
3664,11/9/2015
3665,11/10/2015
3666,11/16/2015
3667,11/17/2015
3668,11/18/2015
3669,11/19/2015
3670,11/30/2015
3671,11/31/2015
3672,12/1/2015
3673,12/2/2015
3674,12/3/2015
3675,12/7/2015
3676,12/8/2015
3677,12/9/2015
3678,12/10/2015
3679,12/11/2015
3680,12/14/2015
3681,12/15/2015
3682,12/16/2015
3683,12/17/2015
3684,12/18/2015
3685,12/31/2015
3686,1/4/2016
3687,1/5/2016
3688,1/6/2016
3689,1/7/2016
3690,1/8/2016
3691,1/11/2016
3692,1/12/2016
3693,1/13/2016
3694,1/15/2016
3695,1/19/2016
3696,1/20/2016
3697,1/21/2016
3698,1/22/2016
3699,1/25/2016
3700,1/26/2016
3701,1/27/2016
3702,1/28/2016
3703,2/1/2016
3704,2/2/2016
3705,2/3/2016
3706,2/4/2016
3707,2/8/2016
3708,2/9/2016
3709,2/10/2016
3710,2/11/2016
3711,2/12/2016
3712,2/22/2016
3713,2/23/2016
3714,2/24/2016
3715,2/25/2016
3716,2/26/2016
3717,2/29/2016
3718,02/30/2016
3719,02/31/2016
3720,3/1/2016
3721,3/2/2016
3722,3/3/2016
3723,3/7/2016
3724,3/8/2016
3725,3/9/2016
3726,3/10/2016
3727,3/14/2016
3728,3/15/2016
3729,3/16/2016
3730,3/17/2016
3731,3/21/2016
3732,3/22/2016
3733,3/23/2016
3734,3/24/2016
3735,3/28/2016
3736,3/31/2016
3737,4/4/2016
3738,4/5/2016
3739,4/6/2016
3740,4/7/2016
3741,4/11/2016
3742,4/12/2016
3743,4/13/2016
3744,4/14/2016
3745,4/15/2016
3746,4/18/2016
3747,4/19/2016
3748,4/20/2016
3749,4/21/2016
3750,4/25/2016
3751,4/26/2016
3752,4/27/2016
3753,4/28/2016
3754,4/29/2016
3755,5/2/2016
3756,5/3/2016
3757,5/5/2016
3758,5/6/2016
3759,5/9/2016
3760,5/10/2016
3761,5/11/2016
3762,5/12/2016
3763,5/13/2016
3764,5/16/2016
3765,5/17/2016
3766,5/18/2016
3767,5/19/2016
3768,5/23/2016
3769,5/24/2016
3770,5/25/2016
3771,5/26/2016
3772,5/27/2016
3773,5/31/2016
3774,6/3/2016
3775,6/6/2016
3776,6/7/2016
3777,6/8/2016
3778,6/9/2016
3779,6/10/2016
3780,6/13/2016
3781,6/14/2016
3782,6/15/2016
3783,6/16/2016
3784,6/17/2016
3785,6/20/2016
3786,6/21/2016
3787,6/22/2016
3788,6/23/2016
3789,6/24/2016
3790,6/27/2016
3791,6/28/2016
3792,6/29/2016
3793,06/31/2016
3794,7/1/2016
3795,7/5/2016
3796,7/6/2016
3797,7/7/2016
3798,7/8/2016
3799,7/11/2016
3800,7/12/2016
3801,7/13/2016
3802,7/14/2016
3803,7/15/2016
3804,7/18/2016
3805,7/19/2016
3806,7/21/2016
3807,7/22/2016
3808,7/25/2016
3809,7/26/2016
3810,7/29/2016
3811,8/2/2016
3812,8/5/2016
3813,8/9/2016
3814,8/12/2016
3815,8/16/2016
3816,8/19/2016
3817,8/23/2016
3818,8/26/2016
3819,8/30/2016
3820,9/2/2016
3821,9/6/2016
3822,9/7/2016
3823,9/8/2016
3824,9/9/2016
3825,9/12/2016
3826,9/13/2016
3827,9/14/2016
3828,9/15/2016
3829,9/19/2016
3830,9/20/2016
3831,9/21/2016
3832,9/22/2016
3833,9/26/2016
3834,9/27/2016
3835,9/28/2016
3836,9/29/2016
3837,10/3/2016
3838,10/6/2016
3839,10/7/2016
3840,10/11/2016
3841,10/13/2016
3842,10/17/2016
3843,10/20/2016
3844,10/24/2016
3845,10/27/2016
3846,10/31/2016
3847,11/3/2016
3848,11/7/2016
3849,11/10/2016
3850,11/14/2016
3851,11/15/2016
3852,11/16/2016
3853,11/17/2016
3854,11/18/2016
3855,11/22/2016
3856,11/25/2016
3857,11/28/2016
3858,11/29/2016
3859,11/30/2016
3860,11/31/2016
3861,12/1/2016
3862,12/2/2016
3863,12/5/2016
3864,12/6/2016
3865,12/7/2016
3866,12/8/2016
3867,12/9/2016
3868,12/12/2016
3869,12/13/2016
3870,12/16/2016
3871,12/20/2016
3872,12/23/2016
3873,12/27/2016
3874,12/30/2016
3875,1/3/2017
3876,1/4/2017
3877,1/5/2017
3878,1/6/2017
3879,1/9/2017
3880,1/10/2017
3881,1/11/2017
3882,1/12/2017
3883,1/13/2017
3884,1/17/2017
3885,1/20/2017
3886,1/23/2017
3887,1/24/2017
3888,1/27/2017
3889,1/30/2017
3890,1/31/2017
3891,2/1/2017
3892,2/2/2017
3893,2/3/2017
3894,2/6/2017
3895,2/7/2017
3896,2/9/2017
3897,2/10/2017
3898,2/13/2017
3899,2/14/2017
3900,2/15/2017
3901,2/16/2017
3902,2/17/2017
3903,2/20/2017
3904,2/21/2017
3905,2/23/2017
3906,2/24/2017
3907,2/27/2017
3908,2/28/2017
3909,02/29/2017
3910,02/30/2017
3911,3/1/2017
3912,3/2/2017
3913,3/6/2017
3914,3/7/2017
3915,3/8/2017
3916,3/9/2017
3917,3/10/2017
3918,3/13/2017
3919,3/14/2017
3920,3/15/2017
3921,3/16/2017
3922,3/17/2017
3923,3/20/2017
3924,3/21/2017
3925,3/22/2017
3926,3/23/2017
3927,3/24/2017
3928,3/27/2017
3929,3/28/2017
3930,3/29/2017
3931,3/30/2017
3932,4/3/2017
3933,4/4/2017
3934,4/5/2017
3935,4/6/2017
3936,4/7/2017
3937,4/8/2017
3938,4/10/2017
3939,4/12/2017
3940,4/13/2017
3941,4/14/2017
3942,4/17/2017
3943,4/20/2017
3944,4/24/2017
3945,4/25/2017
3946,4/26/2017
3947,4/27/2017
3948,4/28/2017
3949,04/31/2017
3950,5/1/2017
3951,5/2/2017
3952,5/3/2017
3953,5/4/2017
3954,5/5/2017
3955,5/8/2017
3956,5/9/2017
3957,5/10/2017
3958,5/11/2017
3959,5/15/2017
3960,5/16/2017
3961,5/17/2017
3962,5/18/2017
3963,5/19/2017
3964,5/22/2017
3965,5/23/2017
3966,5/24/2017
3967,5/25/2017
3968,5/26/2017
3969,5/30/2017
3970,6/2/2017
3971,6/5/2017
3972,6/6/2017
3973,6/7/2017
3974,6/8/2017
3975,6/12/2017
3976,6/13/2017
3977,6/14/2017
3978,6/15/2017
3979,6/16/2017
3980,6/19/2017
3981,6/20/2017
3982,6/21/2017
3983,6/22/2017
3984,6/23/2017
3985,6/26/2017
3986,6/27/2017
3987,6/28/2017
3988,6/29/2017
3989,7/3/2017
3990,7/6/2017
3991,7/10/2017
3992,7/11/2017
3993,7/12/2017
3994,7/13/2017
3995,7/14/2017
3996,7/17/2017
3997,7/18/2017
3998,7/19/2017
3999,7/20/2017
4000,7/24/2017
4001,7/25/2017
4002,7/26/2017
4003,7/27/2017
4004,7/28/2017
4005,7/31/2017
4006,8/1/2017
4007,8/2/2017
4008,8/3/2017
4009,8/4/2017
4010,8/8/2017
4011,8/11/2017
4012,8/15/2017
4013,8/18/2017
4014,8/22/2017
4015,8/25/2017
4016,8/29/2017
4017,9/1/2017
4018,9/5/2017
4019,9/6/2017
4020,9/7/2017
4021,9/8/2017
4022,9/11/2017
4023,9/12/2017
4024,9/13/2017
4025,9/14/2017
4026,9/18/2017
4027,9/19/2017
4028,9/21/2017
4029,9/25/2017
4030,9/26/2017
4031,9/27/2017
4032,9/28/2017
4033,10/2/2017
4034,10/3/2017
4035,10/4/2017
4036,10/5/2017
4037,10/6/2017
4038,10/10/2017
4039,10/11/2017
4040,10/12/2017
4041,10/13/2017
4042,10/16/2017
4043,10/17/2017
4044,10/18/2017
4045,10/19/2017
4046,10/23/2017
4047,10/24/2017
4048,10/25/2017
4049,10/26/2017
4050,10/27/2017
4051,10/30/2017
4052,10/31/2017
4053,11/1/2017
4054,11/2/2017
4055,11/3/2017
4056,11/6/2017
4057,11/7/2017
4058,11/8/2017
4059,11/9/2017
4060,11/10/2017
4061,11/13/2017
4062,11/14/2017
4063,11/15/2017
4064,11/16/2017
4065,11/17/2017
4066,11/21/2017
4067,11/24/2017
4068,11/27/2017
4069,11/28/2017
4070,11/29/2017
4071,11/30/2017
4072,11/31/2017
4073,12/1/2017
4074,12/4/2017
4075,12/5/2017
4076,12/6/2017
4077,12/7/2017
4078,12/11/2017
4079,12/12/2017
4080,12/13/2017
4081,12/14/2017
4082,12/15/2017
4083,12/18/2017
4084,12/19/2017
4085,12/20/2017
4086,12/21/2017
4087,12/22/2017
4088,12/23/2017
4089,12/26/2017
4090,12/27/2017
4091,12/29/2017
4092,1/2/2018
4093,1/3/2018
4094,1/4/2018
4095,1/5/2018
4096,1/8/2018
4097,1/9/2018
4098,1/10/2018
4099,1/11/2018
4100,1/12/2018
4101,1/16/2018
4102,1/17/2018
4103,1/18/2018
4104,1/19/2018
4105,1/20/2018
4106,1/21/2018
4107,1/22/2018
4108,1/23/2018
4109,1/24/2018
4110,1/25/2018
4111,1/29/2018
4112,1/30/2018
4113,2/2/2018
4114,2/5/2018
4115,2/6/2018
4116,2/7/2018
4117,2/8/2018
4118,2/9/2018
4119,2/12/2018
4120,2/13/2018
4121,2/14/2018
4122,2/15/2018
4123,2/16/2018
4124,2/20/2018
4125,2/23/2018
4126,2/26/2018
4127,2/27/2018
4128,2/28/2018
4129,02/29/2018
4130,3/1/2018
4131,3/5/2018
4132,3/6/2018
4133,3/7/2018
4134,3/8/2018
4135,3/9/2018
4136,3/12/2018
4137,3/13/2018
4138,3/14/2018
4139,3/15/2018
4140,3/19/2018
4141,3/20/2018
4142,3/21/2018
4143,3/22/2018
4144,3/23/2018
4145,3/26/2018
4146,3/29/2018
4147,4/2/2018
4148,4/5/2018
4149,4/9/2018
4150,4/10/2018
4151,4/11/2018
4152,4/12/2018
4153,4/13/2018
4154,4/16/2018
4155,4/17/2018
4156,4/18/2018
4157,4/19/2018
4158,4/23/2018
4159,4/24/2018
4160,4/25/2018
4161,4/26/2018
4162,4/27/2018
4163,4/30/2018
4164,04/31/2018
4165,5/1/2018
4166,5/3/2018
4167,5/7/2018
4168,5/8/2018
4169,5/9/2018
4170,5/10/2018
4171,5/11/2018
4172,5/14/2018
4173,5/15/2018
4174,5/16/2018
4175,5/17/2018
4176,5/18/2018
4177,5/21/2018
4178,5/22/2018
4179,5/23/2018
4180,5/24/2018
4181,5/25/2018
4182,5/29/2018
4183,5/31/2018
4184,6/1/2018
4185,6/4/2018
4186,6/5/2018
4187,6/6/2018
4188,6/7/2018
4189,6/8/2018
4190,6/11/2018
4191,6/12/2018
4192,6/13/2018
4193,6/14/2018
4194,6/15/2018
4195,6/18/2018
4196,6/19/2018
4197,6/20/2018
4198,6/21/2018
4199,6/22/2018
4200,6/25/2018
4201,6/26/2018
4202,6/27/2018
4203,6/28/2018
4204,6/29/2018
4205,7/3/2018
4206,7/5/2018
4207,7/6/2018
4208,7/9/2018
4209,7/10/2018
4210,7/11/2018
4211,7/12/2018
4212,7/13/2018
4213,7/16/2018
4214,7/17/2018
4215,7/18/2018
4216,7/19/2018
4217,7/23/2018
4218,7/24/2018
4219,7/25/2018
4220,7/26/2018
4221,7/27/2018
4222,7/30/2018
4223,7/31/2018
4224,8/1/2018
4225,8/3/2018
4226,8/7/2018
4227,8/10/2018
4228,8/14/2018
4229,8/15/2018
4230,8/16/2018
4231,8/17/2018
4232,8/20/2018
4233,8/21/2018
4234,8/22/2018
4235,8/23/2018
4236,8/24/2018
4237,8/27/2018
4238,8/28/2018
4239,8/31/2018
4240,9/4/2018
4241,9/5/2018
4242,9/6/2018
4243,9/7/2018
4244,9/10/2018
4245,9/11/2018
4246,9/12/2018
4247,9/13/2018
4248,9/17/2018
4249,9/18/2018
4250,9/20/2018
4251,9/24/2018
4252,9/25/2018
4253,9/26/2018
4254,9/27/2018
4255,9/28/2018
4256,09/31/2018
4257,10/1/2018
4258,10/2/2018
4259,10/3/2018
4260,10/4/2018
4261,10/5/2018
4262,10/9/2018
4263,10/10/2018
4264,10/11/2018
4265,10/12/2018
4266,10/16/2018
4267,10/19/2018
4268,10/23/2018
4269,10/26/2018
4270,10/30/2018
4271,11/2/2018
4272,11/6/2018
4273,11/9/2018
4274,11/13/2018
4275,11/14/2018
4276,11/15/2018
4277,11/16/2018
4278,11/20/2018
4279,11/23/2018
4280,11/26/2018
4281,11/27/2018
4282,11/28/2018
4283,11/29/2018
4284,11/30/2018
4285,12/3/2018
4286,12/4/2018
4287,12/5/2018
4288,12/6/2018
4289,12/10/2018
4290,12/11/2018
4291,12/12/2018
4292,12/13/2018
4293,12/17/2018
4294,12/18/2018
4295,12/19/2018
4296,12/20/2018
4297,12/21/2018
4298,12/22/2018
4299,12/24/2018
4300,12/27/2018
4301,12/31/2018
4302,1/2/2019
4303,1/3/2019
4304,1/4/2019
4305,1/8/2019
4306,1/9/2019
4307,1/10/2019
4308,1/11/2019
4309,1/14/2019
4310,1/15/2019
4311,1/16/2019
4312,1/17/2019
4313,1/18/2019
4314,1/19/2019
4315,1/22/2019
4316,1/23/2019
4317,1/24/2019
4318,1/25/2019
4319,1/28/2019
4320,1/29/2019
4321,1/30/2019
4322,1/31/2019
4323,2/4/2019
4324,2/5/2019
4325,2/6/2019
4326,2/7/2019
4327,2/8/2019
4328,2/11/2019
4329,2/12/2019
4330,2/13/2019
4331,2/14/2019
4332,2/15/2019
4333,2/19/2019
4334,2/21/2019
4335,2/22/2019
4336,2/25/2019
4337,2/26/2019
4338,2/27/2019
4339,2/28/2019
4340,3/4/2019
4341,3/5/2019
4342,3/6/2019
4343,3/7/2019
4344,3/8/2019
4345,3/11/2019
4346,3/12/2019
4347,3/13/2019
4348,3/14/2019
4349,3/15/2019
4350,3/18/2019
4351,3/19/2019
4352,3/21/2019
4353,3/25/2019
4354,3/26/2019
4355,3/27/2019
4356,3/28/2019
4357,3/29/2019
4358,4/1/2019
4359,4/2/2019
4360,4/3/2019
4361,4/4/2019
4362,4/8/2019
4363,4/9/2019
4364,4/10/2019
4365,4/11/2019
4366,4/12/2019
4367,4/15/2019
4368,4/18/2019
4369,4/22/2019
4370,4/25/2019
4371,4/29/2019
4372,4/30/2019
4373,04/31/2019
4374,5/1/2019
4375,5/2/2019
4376,5/3/2019
4377,5/6/2019
4378,5/7/2019
4379,5/8/2019
4380,5/9/2019
4381,5/10/2019
4382,5/13/2019
4383,5/14/2019
4384,5/15/2019
4385,5/16/2019
4386,5/17/2019
4387,5/20/2019
4388,5/21/2019
4389,5/22/2019
4390,5/23/2019
4391,5/24/2019
4392,5/28/2019
4393,5/30/2019
4394,5/31/2019
4395,6/3/2019
4396,6/4/2019
4397,6/5/2019
4398,6/6/2019
4399,6/10/2019
4400,6/11/2019
4401,6/12/2019
4402,6/13/2019
4403,6/14/2019
4404,6/17/2019
4405,6/18/2019
4406,6/19/2019
4407,6/20/2019
4408,6/21/2019
4409,6/24/2019
4410,6/25/2019
4411,6/26/2019
4412,6/27/2019
4413,6/28/2019
4414,7/2/2019
4415,7/5/2019
4416,7/8/2019
4417,7/9/2019
4418,7/10/2019
4419,7/11/2019
4420,7/12/2019
4421,7/15/2019
4422,7/16/2019
4423,7/17/2019
4424,7/18/2019
4425,7/19/2019
4426,7/22/2019
4427,7/23/2019
4428,7/24/2019
4429,7/25/2019
4430,7/26/2019
4431,7/29/2019
4432,7/30/2019
4433,7/31/2019
4434,8/1/2019
4435,8/2/2019
4436,8/6/2019
4437,8/9/2019
4438,8/13/2019
4439,8/16/2019
4440,8/20/2019
4441,8/23/2019
4442,8/27/2019
4443,8/30/2019
4444,9/3/2019
4445,9/6/2019
4446,9/9/2019
4447,9/10/2019
4448,9/11/2019
4449,9/12/2019
4450,9/13/2019
4451,9/16/2019
4452,9/17/2019
4453,9/18/2019
4454,9/19/2019
4455,9/20/2019
4456,9/23/2019
4457,9/24/2019
4458,9/25/2019
4459,9/26/2019
4460,9/27/2019
4461,09/31/2019
4462,10/1/2019
4463,10/4/2019
4464,10/8/2019
4465,10/11/2019
4466,10/15/2019
4467,10/16/2019
4468,10/17/2019
4469,10/18/2019
4470,10/21/2019
4471,10/22/2019
4472,10/23/2019
4473,10/24/2019
4474,10/28/2019
4475,10/29/2019
4476,10/30/2019
4477,10/31/2019
4478,11/1/2019
4479,11/4/2019
4480,11/5/2019
4481,11/6/2019
4482,11/7/2019
4483,11/8/2019
4484,11/12/2019
4485,11/13/2019
4486,11/14/2019
4487,11/15/2019
4488,11/18/2019
4489,11/19/2019
4490,11/20/2019
4491,11/21/2019
4492,11/22/2019
4493,11/26/2019
4494,11/29/2019
4495,12/2/2019
4496,12/3/2019
4497,12/4/2019
4498,12/5/2019
4499,12/6/2019
4500,12/9/2019
4501,12/10/2019
4502,12/11/2019
4503,12/12/2019
4504,12/13/2019
4505,12/14/2019
4506,12/15/2019
4507,12/16/2019
4508,12/17/2019
4509,12/18/2019
4510,12/19/2019
4511,12/23/2019
4512,12/26/2019
4513,12/30/2019
4514,1/2/2020
4515,1/3/2020
4516,1/6/2020
4517,1/7/2020
4518,1/8/2020
4519,1/9/2020
4520,1/10/2020
4521,1/13/2020
4522,1/14/2020
4523,1/15/2020
4524,1/16/2020
4525,1/17/2020
4526,1/21/2020
4527,1/22/2020
4528,1/23/2020
4529,1/24/2020
4530,1/25/2020
4531,1/27/2020
4532,1/28/2020
4533,1/29/2020
4534,1/30/2020
4535,1/31/2020
4536,2/3/2020
4537,2/4/2020
4538,2/5/2020
4539,2/6/2020
4540,2/7/2020
4541,2/10/2020
4542,2/11/2020
4543,2/12/2020
4544,2/13/2020
4545,2/14/2020
4546,2/17/2020
4547,2/18/2020
4548,2/20/2020
4549,2/21/2020
4550,2/24/2020
4551,2/25/2020
4552,2/26/2020
4553,2/27/2020
4554,2/28/2020
4555,02/31/2020
4556,3/2/2020
4557,3/3/2020
4558,3/4/2020
4559,3/5/2020
4560,3/9/2020
4561,3/10/2020
4562,3/11/2020
4563,3/12/2020
4564,3/13/2020
4565,3/16/2020
4566,3/17/2020
4567,3/18/2020
4568,3/19/2020
4569,3/20/2020
4570,3/21/2020
4571,3/22/2020
4572,3/23/2020
4573,3/24/2020
4574,3/25/2020
4575,3/26/2020
4576,3/27/2020
4577,3/30/2020
4578,3/31/2020
4579,4/2/2020
4580,4/3/2020
4581,4/6/2020
4582,4/7/2020
4583,4/9/2020
4584,4/10/2020
4585,4/13/2020
4586,4/14/2020
4587,4/16/2020
4588,4/17/2020
4589,4/20/2020
4590,4/21/2020
4591,4/22/2020
4592,4/23/2020
4593,4/24/2020
4594,4/27/2020
4595,4/28/2020
4596,4/30/2020
4597,04/31/2020
4598,5/1/2020
4599,5/4/2020
4600,5/5/2020
4601,5/6/2020
4602,5/7/2020
4603,5/8/2020
4604,5/11/2020
4605,5/12/2020
4606,5/13/2020
4607,5/14/2020
