"","x"
"1","01/08/1990"
"2","01/09/1990"
"3","01/10/1990"
"4","01/11/1990"
"5","01/12/1990"
"6","01/15/1990"
"7","01/16/1990"
"8","01/17/1990"
"9","01/18/1990"
"10","01/19/1990"
"11","01/22/1990"
"12","01/23/1990"
"13","01/24/1990"
"14","01/25/1990"
"15","01/26/1990"
"16","02/12/1990"
"17","02/13/1990"
"18","02/14/1990"
"19","02/15/1990"
"20","02/16/1990"
"21","02/19/1990"
"22","02/20/1990"
"23","02/21/1990"
"24","02/22/1990"
"25","02/23/1990"
"26","02/26/1990"
"27","02/27/1990"
"28","02/28/1990"
"29","03/01/1990"
"30","03/02/1990"
"31","03/05/1990"
"32","03/06/1990"
"33","03/07/1990"
"34","03/08/1990"
"35","03/09/1990"
"36","03/12/1990"
"37","03/13/1990"
"38","03/14/1990"
"39","03/15/1990"
"40","03/16/1990"
"41","03/19/1990"
"42","03/20/1990"
"43","03/21/1990"
"44","03/22/1990"
"45","03/23/1990"
"46","03/26/1990"
"47","03/27/1990"
"48","03/28/1990"
"49","03/29/1990"
"50","03/30/1990"
"51","04/02/1990"
"52","04/03/1990"
"53","04/04/1990"
"54","04/05/1990"
"55","04/18/1990"
"56","04/19/1990"
"57","04/20/1990"
"58","04/23/1990"
"59","04/24/1990"
"60","04/25/1990"
"61","04/26/1990"
"62","04/27/1990"
"63","04/30/1990"
"64","05/01/1990"
"65","05/02/1990"
"66","05/03/1990"
"67","05/04/1990"
"68","05/08/1990"
"69","05/09/1990"
"70","05/10/1990"
"71","05/11/1990"
"72","05/14/1990"
"73","05/15/1990"
"74","05/16/1990"
"75","05/17/1990"
"76","05/18/1990"
"77","05/21/1990"
"78","05/22/1990"
"79","05/23/1990"
"80","05/24/1990"
"81","06/05/1990"
"82","06/06/1990"
"83","06/07/1990"
"84","06/08/1990"
"85","06/11/1990"
"86","06/12/1990"
"87","06/13/1990"
"88","06/14/1990"
"89","06/15/1990"
"90","06/18/1990"
"91","06/19/1990"
"92","06/20/1990"
"93","06/21/1990"
"94","06/22/1990"
"95","06/25/1990"
"96","06/26/1990"
"97","06/27/1990"
"98","06/28/1990"
"99","06/29/1990"
"100","07/02/1990"
"101","07/03/1990"
"102","07/04/1990"
"103","07/05/1990"
"104","07/06/1990"
"105","07/09/1990"
"106","07/10/1990"
"107","07/11/1990"
"108","07/12/1990"
"109","07/13/1990"
"110","07/16/1990"
"111","07/17/1990"
"112","07/18/1990"
"113","07/19/1990"
"114","07/20/1990"
"115","07/23/1990"
"116","07/24/1990"
"117","07/25/1990"
"118","07/26/1990"
"119","08/29/1990"
"120","09/06/1990"
"121","09/07/1990"
"122","10/12/1990"
"123","10/15/1990"
"124","10/16/1990"
"125","10/17/1990"
"126","10/18/1990"
"127","10/19/1990"
"128","10/22/1990"
"129","10/23/1990"
"130","10/24/1990"
"131","10/25/1990"
"132","10/26/1990"
"133","10/29/1990"
"134","10/30/1990"
"135","10/31/1990"
"136","11/01/1990"
"137","11/07/1990"
"138","11/08/1990"
"139","11/09/1990"
"140","11/12/1990"
"141","11/13/1990"
"142","11/14/1990"
"143","11/15/1990"
"144","11/16/1990"
"145","11/19/1990"
"146","11/20/1990"
"147","11/21/1990"
"148","11/22/1990"
"149","11/23/1990"
"150","11/26/1990"
"151","11/27/1990"
"152","11/28/1990"
"153","11/29/1990"
"154","11/30/1990"
"155","12/03/1990"
"156","12/04/1990"
"157","12/05/1990"
"158","12/06/1990"
"159","12/07/1990"
"160","12/10/1990"
"161","12/11/1990"
"162","12/12/1990"
"163","12/13/1990"
"164","12/14/1990"
"165","12/17/1990"
"166","12/18/1990"
"167","12/19/1990"
"168","12/20/1990"
"169","12/29/1990"
"170","01/14/1991"
"171","01/15/1991"
"172","01/16/1991"
"173","01/17/1991"
"174","01/18/1991"
"175","01/21/1991"
"176","01/22/1991"
"177","01/23/1991"
"178","01/24/1991"
"179","01/25/1991"
"180","01/28/1991"
"181","01/29/1991"
"182","01/30/1991"
"183","01/31/1991"
"184","02/01/1991"
"185","02/04/1991"
"186","02/05/1991"
"187","02/06/1991"
"188","02/07/1991"
"189","02/08/1991"
"190","02/11/1991"
"191","02/12/1991"
"192","02/13/1991"
"193","02/14/1991"
"194","02/15/1991"
"195","02/18/1991"
"196","02/19/1991"
"197","02/20/1991"
"198","02/21/1991"
"199","02/22/1991"
"200","02/25/1991"
"201","02/26/1991"
"202","02/27/1991"
"203","02/28/1991"
"204","03/01/1991"
"205","03/04/1991"
"206","03/05/1991"
"207","03/06/1991"
"208","03/07/1991"
"209","03/08/1991"
"210","03/11/1991"
"211","03/12/1991"
"212","03/13/1991"
"213","03/14/1991"
"214","03/15/1991"
"215","03/18/1991"
"216","03/19/1991"
"217","03/20/1991"
"218","03/21/1991"
"219","03/22/1991"
"220","03/25/1991"
"221","03/26/1991"
"222","03/27/1991"
"223","03/28/1991"
"224","04/14/1991"
"225","04/15/1991"
"226","04/16/1991"
"227","04/17/1991"
"228","04/18/1991"
"229","04/19/1991"
"230","04/22/1991"
"231","04/23/1991"
"232","04/24/1991"
"233","04/25/1991"
"234","04/26/1991"
"235","04/29/1991"
"236","04/30/1991"
"237","05/01/1991"
"238","05/02/1991"
"239","05/03/1991"
"240","05/07/1991"
"241","05/08/1991"
"242","05/09/1991"
"243","05/10/1991"
"244","05/13/1991"
"245","05/14/1991"
"246","05/15/1991"
"247","05/16/1991"
"248","05/17/1991"
"249","05/20/1991"
"250","05/21/1991"
"251","05/22/1991"
"252","05/23/1991"
"253","06/01/1991"
"254","06/03/1991"
"255","06/04/1991"
"256","06/05/1991"
"257","06/06/1991"
"258","06/07/1991"
"259","06/10/1991"
"260","06/11/1991"
"261","06/12/1991"
"262","06/13/1991"
"263","06/14/1991"
"264","06/17/1991"
"265","06/18/1991"
"266","06/19/1991"
"267","06/20/1991"
"268","06/21/1991"
"269","06/24/1991"
"270","06/25/1991"
"271","06/26/1991"
"272","06/27/1991"
"273","06/28/1991"
"274","07/01/1991"
"275","07/02/1991"
"276","07/03/1991"
"277","07/04/1991"
"278","07/05/1991"
"279","07/08/1991"
"280","07/09/1991"
"281","07/10/1991"
"282","07/11/1991"
"283","07/12/1991"
"284","07/15/1991"
"285","07/16/1991"
"286","07/17/1991"
"287","07/18/1991"
"288","07/19/1991"
"289","07/22/1991"
"290","07/23/1991"
"291","07/24/1991"
"292","07/25/1991"
"293","08/17/1991"
"294","10/14/1991"
"295","10/15/1991"
"296","10/16/1991"
"297","10/17/1991"
"298","10/18/1991"
"299","10/21/1991"
"300","10/22/1991"
"301","10/31/1991"
"302","11/01/1991"
"303","11/04/1991"
"304","11/05/1991"
"305","11/06/1991"
"306","11/07/1991"
"307","11/08/1991"
"308","11/11/1991"
"309","11/12/1991"
"310","11/13/1991"
"311","11/14/1991"
"312","11/15/1991"
"313","11/18/1991"
"314","11/19/1991"
"315","11/20/1991"
"316","11/21/1991"
"317","11/22/1991"
"318","11/25/1991"
"319","11/26/1991"
"320","11/27/1991"
"321","11/28/1991"
"322","11/29/1991"
"323","12/16/1991"
"324","12/17/1991"
"325","12/18/1991"
"326","12/19/1991"
"327","12/20/1991"
"328","01/13/1992"
"329","01/14/1992"
"330","01/15/1992"
"331","01/16/1992"
"332","01/17/1992"
"333","01/20/1992"
"334","01/21/1992"
"335","01/22/1992"
"336","01/23/1992"
"337","01/24/1992"
"338","01/27/1992"
"339","01/28/1992"
"340","01/29/1992"
"341","01/30/1992"
"342","01/31/1992"
"343","02/03/1992"
"344","02/04/1992"
"345","02/05/1992"
"346","02/06/1992"
"347","02/07/1992"
"348","02/10/1992"
"349","02/11/1992"
"350","02/12/1992"
"351","02/13/1992"
"352","02/14/1992"
"353","02/17/1992"
"354","02/18/1992"
"355","02/19/1992"
"356","02/20/1992"
"357","02/21/1992"
"358","02/24/1992"
"359","02/25/1992"
"360","02/26/1992"
"361","02/27/1992"
"362","02/28/1992"
"363","03/02/1992"
"364","03/03/1992"
"365","03/04/1992"
"366","03/05/1992"
"367","03/06/1992"
"368","03/09/1992"
"369","03/10/1992"
"370","03/11/1992"
"371","03/12/1992"
"372","03/13/1992"
"373","03/16/1992"
"374","04/02/1992"
"375","04/27/1992"
"376","04/28/1992"
"377","04/29/1992"
"378","04/30/1992"
"379","05/05/1992"
"380","05/06/1992"
"381","05/07/1992"
"382","05/08/1992"
"383","05/11/1992"
"384","05/12/1992"
"385","05/13/1992"
"386","05/14/1992"
"387","05/15/1992"
"388","05/18/1992"
"389","05/19/1992"
"390","05/20/1992"
"391","05/21/1992"
"392","05/22/1992"
"393","05/26/1992"
"394","06/01/1992"
"395","06/02/1992"
"396","06/03/1992"
"397","06/04/1992"
"398","06/05/1992"
"399","06/08/1992"
"400","06/09/1992"
"401","06/10/1992"
"402","06/11/1992"
"403","06/12/1992"
"404","06/15/1992"
"405","06/16/1992"
"406","06/17/1992"
"407","06/18/1992"
"408","06/19/1992"
"409","06/22/1992"
"410","06/23/1992"
"411","06/24/1992"
"412","06/25/1992"
"413","06/26/1992"
"414","06/29/1992"
"415","06/30/1992"
"416","07/01/1992"
"417","07/02/1992"
"418","07/03/1992"
"419","07/06/1992"
"420","07/07/1992"
"421","07/08/1992"
"422","07/09/1992"
"423","07/10/1992"
"424","07/13/1992"
"425","07/14/1992"
"426","07/15/1992"
"427","07/16/1992"
"428","08/06/1992"
"429","09/24/1992"
"430","09/25/1992"
"431","10/19/1992"
"432","10/20/1992"
"433","10/21/1992"
"434","10/22/1992"
"435","10/23/1992"
"436","10/26/1992"
"437","10/27/1992"
"438","10/28/1992"
"439","10/29/1992"
"440","10/30/1992"
"441","11/05/1992"
"442","11/30/1992"
"443","12/01/1992"
"444","12/02/1992"
"445","12/03/1992"
"446","12/04/1992"
"447","12/07/1992"
"448","12/08/1992"
"449","12/09/1992"
"450","12/10/1992"
"451","12/11/1992"
"452","12/14/1992"
"453","12/15/1992"
"454","12/16/1992"
"455","12/17/1992"
"456","01/11/1993"
"457","01/12/1993"
"458","01/13/1993"
"459","01/14/1993"
"460","01/15/1993"
"461","01/18/1993"
"462","01/19/1993"
"463","01/20/1993"
"464","01/21/1993"
"465","01/22/1993"
"466","01/25/1993"
"467","01/26/1993"
"468","01/27/1993"
"469","01/28/1993"
"470","01/29/1993"
"471","02/01/1993"
"472","02/02/1993"
"473","02/03/1993"
"474","02/04/1993"
"475","02/05/1993"
"476","02/08/1993"
"477","02/09/1993"
"478","02/10/1993"
"479","02/11/1993"
"480","02/12/1993"
"481","02/15/1993"
"482","02/16/1993"
"483","02/17/1993"
"484","02/18/1993"
"485","02/19/1993"
"486","02/21/1993"
"487","02/22/1993"
"488","02/23/1993"
"489","02/24/1993"
"490","02/25/1993"
"491","02/26/1993"
"492","03/01/1993"
"493","03/02/1993"
"494","03/03/1993"
"495","03/04/1993"
"496","03/05/1993"
"497","03/08/1993"
"498","03/09/1993"
"499","03/10/1993"
"500","03/11/1993"
"501","03/12/1993"
"502","03/15/1993"
"503","03/16/1993"
"504","03/17/1993"
"505","03/18/1993"
"506","03/19/1993"
"507","03/22/1993"
"508","03/23/1993"
"509","03/24/1993"
"510","03/25/1993"
"511","03/26/1993"
"512","03/29/1993"
"513","03/30/1993"
"514","03/31/1993"
"515","04/01/1993"
"516","04/02/1993"
"517","04/14/1993"
"518","04/15/1993"
"519","04/16/1993"
"520","04/19/1993"
"521","04/20/1993"
"522","04/21/1993"
"523","04/22/1993"
"524","04/23/1993"
"525","04/26/1993"
"526","04/27/1993"
"527","04/28/1993"
"528","04/29/1993"
"529","04/30/1993"
"530","05/04/1993"
"531","05/05/1993"
"532","05/06/1993"
"533","05/07/1993"
"534","05/10/1993"
"535","05/11/1993"
"536","05/12/1993"
"537","05/13/1993"
"538","05/14/1993"
"539","05/17/1993"
"540","05/18/1993"
"541","05/19/1993"
"542","05/20/1993"
"543","05/21/1993"
"544","05/24/1993"
"545","05/25/1993"
"546","05/26/1993"
"547","05/27/1993"
"548","06/07/1993"
"549","06/08/1993"
"550","06/09/1993"
"551","06/10/1993"
"552","06/11/1993"
"553","06/14/1993"
"554","06/15/1993"
"555","06/16/1993"
"556","06/17/1993"
"557","06/18/1993"
"558","06/21/1993"
"559","06/22/1993"
"560","06/23/1993"
"561","06/24/1993"
"562","06/25/1993"
"563","06/28/1993"
"564","06/29/1993"
"565","06/30/1993"
"566","07/01/1993"
"567","07/02/1993"
"568","07/05/1993"
"569","07/06/1993"
"570","07/07/1993"
"571","07/08/1993"
"572","07/09/1993"
"573","07/12/1993"
"574","07/13/1993"
"575","07/14/1993"
"576","07/15/1993"
"577","07/16/1993"
"578","07/19/1993"
"579","07/20/1993"
"580","07/21/1993"
"581","07/22/1993"
"582","07/23/1993"
"583","07/26/1993"
"584","07/27/1993"
"585","08/30/1993"
"586","10/18/1993"
"587","10/19/1993"
"588","10/20/1993"
"589","10/21/1993"
"590","10/22/1993"
"591","10/25/1993"
"592","10/26/1993"
"593","10/27/1993"
"594","10/28/1993"
"595","10/29/1993"
"596","11/01/1993"
"597","11/02/1993"
"598","11/03/1993"
"599","11/04/1993"
"600","11/05/1993"
"601","11/18/1993"
"602","11/19/1993"
"603","11/20/1993"
"604","11/22/1993"
"605","11/23/1993"
"606","11/24/1993"
"607","11/25/1993"
"608","11/26/1993"
"609","11/28/1993"
"610","11/29/1993"
"611","11/30/1993"
"612","12/01/1993"
"613","12/02/1993"
"614","12/03/1993"
"615","12/06/1993"
"616","12/07/1993"
"617","12/08/1993"
"618","12/09/1993"
"619","12/10/1993"
"620","12/13/1993"
"621","12/14/1993"
"622","12/15/1993"
"623","12/16/1993"
"624","12/17/1993"
"625","12/24/1993"
"626","01/11/1994"
"627","01/12/1994"
"628","01/13/1994"
"629","01/14/1994"
"630","01/17/1994"
"631","01/18/1994"
"632","01/19/1994"
"633","01/20/1994"
"634","01/21/1994"
"635","02/07/1994"
"636","02/08/1994"
"637","02/09/1994"
"638","02/10/1994"
"639","02/11/1994"
"640","02/14/1994"
"641","02/15/1994"
"642","02/16/1994"
"643","02/17/1994"
"644","02/18/1994"
"645","02/21/1994"
"646","02/22/1994"
"647","02/23/1994"
"648","02/24/1994"
"649","02/25/1994"
"650","02/28/1994"
"651","03/01/1994"
"652","03/02/1994"
"653","03/03/1994"
"654","03/04/1994"
"655","03/07/1994"
"656","03/08/1994"
"657","03/09/1994"
"658","03/10/1994"
"659","03/11/1994"
"660","03/14/1994"
"661","03/15/1994"
"662","03/16/1994"
"663","03/17/1994"
"664","03/18/1994"
"665","04/12/1994"
"666","04/13/1994"
"667","04/14/1994"
"668","04/15/1994"
"669","04/18/1994"
"670","04/19/1994"
"671","04/20/1994"
"672","04/21/1994"
"673","04/22/1994"
"674","04/25/1994"
"675","04/26/1994"
"676","04/27/1994"
"677","04/28/1994"
"678","04/29/1994"
"679","05/03/1994"
"680","05/04/1994"
"681","05/05/1994"
"682","05/06/1994"
"683","05/09/1994"
"684","05/10/1994"
"685","05/11/1994"
"686","05/12/1994"
"687","05/13/1994"
"688","05/16/1994"
"689","05/17/1994"
"690","05/18/1994"
"691","05/19/1994"
"692","05/20/1994"
"693","05/23/1994"
"694","05/24/1994"
"695","05/25/1994"
"696","05/26/1994"
"697","06/01/1994"
"698","06/14/1994"
"699","06/15/1994"
"700","06/16/1994"
"701","06/17/1994"
"702","06/19/1994"
"703","06/20/1994"
"704","06/21/1994"
"705","06/22/1994"
"706","06/23/1994"
"707","06/24/1994"
"708","06/27/1994"
"709","06/28/1994"
"710","06/29/1994"
"711","06/30/1994"
"712","07/01/1994"
"713","07/04/1994"
"714","07/05/1994"
"715","07/06/1994"
"716","07/07/1994"
"717","07/08/1994"
"718","07/11/1994"
"719","07/12/1994"
"720","07/13/1994"
"721","07/14/1994"
"722","07/15/1994"
"723","07/18/1994"
"724","07/19/1994"
"725","07/20/1994"
"726","07/21/1994"
"727","10/17/1994"
"728","10/18/1994"
"729","10/19/1994"
"730","10/20/1994"
"731","10/21/1994"
"732","10/24/1994"
"733","10/25/1994"
"734","10/26/1994"
"735","10/27/1994"
"736","10/28/1994"
"737","10/31/1994"
"738","11/01/1994"
"739","11/02/1994"
"740","11/03/1994"
"741","11/16/1994"
"742","11/17/1994"
"743","11/18/1994"
"744","11/21/1994"
"745","11/22/1994"
"746","11/23/1994"
"747","11/24/1994"
"748","11/25/1994"
"749","11/28/1994"
"750","11/29/1994"
"751","11/30/1994"
"752","12/01/1994"
"753","12/02/1994"
"754","12/05/1994"
"755","12/06/1994"
"756","12/07/1994"
"757","12/08/1994"
"758","12/09/1994"
"759","12/12/1994"
"760","12/13/1994"
"761","12/14/1994"
"762","12/15/1994"
"763","12/16/1994"
"764","12/19/1994"
"765","12/20/1994"
"766","01/23/1995"
"767","01/24/1995"
"768","01/25/1995"
"769","01/26/1995"
"770","01/27/1995"
"771","01/30/1995"
"772","01/31/1995"
"773","02/01/1995"
"774","02/02/1995"
"775","02/03/1995"
"776","02/06/1995"
"777","02/07/1995"
"778","02/08/1995"
"779","02/09/1995"
"780","02/10/1995"
"781","02/13/1995"
"782","02/14/1995"
"783","02/15/1995"
"784","02/16/1995"
"785","02/17/1995"
"786","02/20/1995"
"787","02/21/1995"
"788","02/22/1995"
"789","02/23/1995"
"790","02/24/1995"
"791","02/27/1995"
"792","02/28/1995"
"793","03/01/1995"
"794","03/02/1995"
"795","03/03/1995"
"796","03/06/1995"
"797","03/07/1995"
"798","03/08/1995"
"799","03/09/1995"
"800","03/13/1995"
"801","03/14/1995"
"802","03/15/1995"
"803","03/16/1995"
"804","03/17/1995"
"805","03/20/1995"
"806","03/21/1995"
"807","03/22/1995"
"808","03/23/1995"
"809","03/24/1995"
"810","03/27/1995"
"811","03/28/1995"
"812","03/29/1995"
"813","03/30/1995"
"814","03/31/1995"
"815","04/03/1995"
"816","04/04/1995"
"817","04/05/1995"
"818","04/11/1995"
"819","04/18/1995"
"820","04/19/1995"
"821","04/20/1995"
"822","04/21/1995"
"823","04/24/1995"
"824","04/25/1995"
"825","04/26/1995"
"826","04/27/1995"
"827","04/28/1995"
"828","05/01/1995"
"829","05/02/1995"
"830","05/03/1995"
"831","05/04/1995"
"832","05/05/1995"
"833","05/09/1995"
"834","05/10/1995"
"835","05/11/1995"
"836","05/15/1995"
"837","05/16/1995"
"838","05/17/1995"
"839","05/18/1995"
"840","05/22/1995"
"841","05/23/1995"
"842","05/24/1995"
"843","05/25/1995"
"844","05/31/1995"
"845","06/06/1995"
"846","06/07/1995"
"847","06/08/1995"
"848","06/09/1995"
"849","06/12/1995"
"850","06/13/1995"
"851","06/14/1995"
"852","06/15/1995"
"853","06/19/1995"
"854","06/20/1995"
"855","06/21/1995"
"856","06/22/1995"
"857","06/26/1995"
"858","06/27/1995"
"859","06/28/1995"
"860","06/29/1995"
"861","06/30/1995"
"862","07/03/1995"
"863","07/04/1995"
"864","07/05/1995"
"865","07/06/1995"
"866","07/10/1995"
"867","07/11/1995"
"868","07/12/1995"
"869","07/13/1995"
"870","07/14/1995"
"871","07/17/1995"
"872","07/18/1995"
"873","07/19/1995"
"874","08/12/1995"
"875","10/16/1995"
"876","10/17/1995"
"877","10/18/1995"
"878","10/19/1995"
"879","10/20/1995"
"880","10/23/1995"
"881","10/24/1995"
"882","10/25/1995"
"883","10/26/1995"
"884","10/27/1995"
"885","12/04/1995"
"886","12/05/1995"
"887","12/06/1995"
"888","12/07/1995"
"889","12/08/1995"
"890","12/11/1995"
"891","12/12/1995"
"892","12/13/1995"
"893","12/14/1995"
"894","12/18/1995"
"895","12/19/1995"
"896","12/20/1995"
"897","01/09/1996"
"898","01/10/1996"
"899","01/11/1996"
"900","01/15/1996"
"901","01/16/1996"
"902","01/17/1996"
"903","01/18/1996"
"904","01/19/1996"
"905","01/22/1996"
"906","01/23/1996"
"907","01/24/1996"
"908","01/25/1996"
"909","01/26/1996"
"910","01/29/1996"
"911","01/30/1996"
"912","01/31/1996"
"913","02/01/1996"
"914","02/02/1996"
"915","02/05/1996"
"916","02/06/1996"
"917","02/07/1996"
"918","02/08/1996"
"919","02/09/1996"
"920","02/12/1996"
"921","02/13/1996"
"922","02/14/1996"
"923","02/15/1996"
"924","02/16/1996"
"925","02/19/1996"
"926","02/20/1996"
"927","02/21/1996"
"928","02/22/1996"
"929","02/26/1996"
"930","02/27/1996"
"931","02/28/1996"
"932","02/29/1996"
"933","03/01/1996"
"934","03/04/1996"
"935","03/05/1996"
"936","03/06/1996"
"937","03/07/1996"
"938","03/08/1996"
"939","03/11/1996"
"940","03/12/1996"
"941","03/13/1996"
"942","03/14/1996"
"943","03/18/1996"
"944","03/19/1996"
"945","03/20/1996"
"946","03/21/1996"
"947","03/22/1996"
"948","03/25/1996"
"949","03/26/1996"
"950","03/27/1996"
"951","03/28/1996"
"952","03/29/1996"
"953","04/01/1996"
"954","04/02/1996"
"955","04/03/1996"
"956","04/07/1996"
"957","04/16/1996"
"958","04/17/1996"
"959","04/18/1996"
"960","04/19/1996"
"961","04/22/1996"
"962","04/23/1996"
"963","04/24/1996"
"964","04/25/1996"
"965","04/26/1996"
"966","04/29/1996"
"967","04/30/1996"
"968","05/01/1996"
"969","05/02/1996"
"970","05/20/1996"
"971","05/21/1996"
"972","05/22/1996"
"973","06/04/1996"
"974","06/05/1996"
"975","06/06/1996"
"976","06/07/1996"
"977","06/09/1996"
"978","06/10/1996"
"979","06/11/1996"
"980","06/12/1996"
"981","06/13/1996"
"982","06/17/1996"
"983","06/18/1996"
"984","06/19/1996"
"985","06/20/1996"
"986","06/21/1996"
"987","06/24/1996"
"988","06/25/1996"
"989","06/26/1996"
"990","06/27/1996"
"991","07/01/1996"
"992","07/02/1996"
"993","07/03/1996"
"994","07/04/1996"
"995","07/08/1996"
"996","07/09/1996"
"997","07/10/1996"
"998","07/11/1996"
"999","07/12/1996"
"1000","07/15/1996"
"1001","07/16/1996"
"1002","07/17/1996"
"1003","07/18/1996"
"1004","07/19/1996"
"1005","07/22/1996"
"1006","07/23/1996"
"1007","07/24/1996"
"1008","07/27/1996"
"1009","10/14/1996"
"1010","10/15/1996"
"1011","10/16/1996"
"1012","10/17/1996"
"1013","10/23/1996"
"1014","10/24/1996"
"1015","10/25/1996"
"1016","10/28/1996"
"1017","10/29/1996"
"1018","10/30/1996"
"1019","10/31/1996"
"1020","11/01/1996"
"1021","11/04/1996"
"1022","11/05/1996"
"1023","11/06/1996"
"1024","11/07/1996"
"1025","11/11/1996"
"1026","11/12/1996"
"1027","11/13/1996"
"1028","11/14/1996"
"1029","11/15/1996"
"1030","11/18/1996"
"1031","11/19/1996"
"1032","11/20/1996"
"1033","11/21/1996"
"1034","11/25/1996"
"1035","11/26/1996"
"1036","11/27/1996"
"1037","11/28/1996"
"1038","11/29/1996"
"1039","12/02/1996"
"1040","12/03/1996"
"1041","12/04/1996"
"1042","12/05/1996"
"1043","12/06/1996"
"1044","12/08/1996"
"1045","12/09/1996"
"1046","12/10/1996"
"1047","12/11/1996"
"1048","12/12/1996"
"1049","12/13/1996"
"1050","12/16/1996"
"1051","12/17/1996"
"1052","12/18/1996"
"1053","01/13/1997"
"1054","01/14/1997"
"1055","01/15/1997"
"1056","01/16/1997"
"1057","01/17/1997"
"1058","01/20/1997"
"1059","01/21/1997"
"1060","01/22/1997"
"1061","01/23/1997"
"1062","01/24/1997"
"1063","01/27/1997"
"1064","01/28/1997"
"1065","01/29/1997"
"1066","01/30/1997"
"1067","01/31/1997"
"1068","02/03/1997"
"1069","02/04/1997"
"1070","02/05/1997"
"1071","02/06/1997"
"1072","02/07/1997"
"1073","02/10/1997"
"1074","02/11/1997"
"1075","02/12/1997"
"1076","02/13/1997"
"1077","02/14/1997"
"1078","02/17/1997"
"1079","02/18/1997"
"1080","02/19/1997"
"1081","02/20/1997"
"1082","02/24/1997"
"1083","02/25/1997"
"1084","02/26/1997"
"1085","02/27/1997"
"1086","02/28/1997"
"1087","03/03/1997"
"1088","03/04/1997"
"1089","03/05/1997"
"1090","03/06/1997"
"1091","03/10/1997"
"1092","03/11/1997"
"1093","03/12/1997"
"1094","03/13/1997"
"1095","03/17/1997"
"1096","03/18/1997"
"1097","03/19/1997"
"1098","03/20/1997"
"1099","03/21/1997"
"1100","04/12/1997"
"1101","05/07/1997"
"1102","05/08/1997"
"1103","05/09/1997"
"1104","05/13/1997"
"1105","05/14/1997"
"1106","05/15/1997"
"1107","05/16/1997"
"1108","05/19/1997"
"1109","05/20/1997"
"1110","05/21/1997"
"1111","05/22/1997"
"1112","06/02/1997"
"1113","06/03/1997"
"1114","06/04/1997"
"1115","06/05/1997"
"1116","06/06/1997"
"1117","06/09/1997"
"1118","06/10/1997"
"1119","06/11/1997"
"1120","06/12/1997"
"1121","06/16/1997"
"1122","06/17/1997"
"1123","06/18/1997"
"1124","06/19/1997"
"1125","06/20/1997"
"1126","06/23/1997"
"1127","06/24/1997"
"1128","06/25/1997"
"1129","06/26/1997"
"1130","06/27/1997"
"1131","06/30/1997"
"1132","07/01/1997"
"1133","07/02/1997"
"1134","07/03/1997"
"1135","07/04/1997"
"1136","07/07/1997"
"1137","07/08/1997"
"1138","07/09/1997"
"1139","07/10/1997"
"1140","07/11/1997"
"1141","07/14/1997"
"1142","07/15/1997"
"1143","07/16/1997"
"1144","07/17/1997"
"1145","07/18/1997"
"1146","07/21/1997"
"1147","07/22/1997"
"1148","07/23/1997"
"1149","07/24/1997"
"1150","07/25/1997"
"1151","07/28/1997"
"1152","07/29/1997"
"1153","07/30/1997"
"1154","07/31/1997"
"1155","09/24/1997"
"1156","10/27/1997"
"1157","10/28/1997"
"1158","10/29/1997"
"1159","10/30/1997"
"1160","11/03/1997"
"1161","11/04/1997"
"1162","11/05/1997"
"1163","11/06/1997"
"1164","11/07/1997"
"1165","11/10/1997"
"1166","11/11/1997"
"1167","11/12/1997"
"1168","11/13/1997"
"1169","11/14/1997"
"1170","11/17/1997"
"1171","11/18/1997"
"1172","11/19/1997"
"1173","11/20/1997"
"1174","11/21/1997"
"1175","11/24/1997"
"1176","11/25/1997"
"1177","11/26/1997"
"1178","11/27/1997"
"1179","11/28/1997"
"1180","12/01/1997"
"1181","12/02/1997"
"1182","12/03/1997"
"1183","12/04/1997"
"1184","12/05/1997"
"1185","12/08/1997"
"1186","12/09/1997"
"1187","12/10/1997"
"1188","12/11/1997"
"1189","12/12/1997"
"1190","12/17/1997"
"1191","01/12/1998"
"1192","01/13/1998"
"1193","01/14/1998"
"1194","01/15/1998"
"1195","01/16/1998"
"1196","01/19/1998"
"1197","01/20/1998"
"1198","01/21/1998"
"1199","01/22/1998"
"1200","01/23/1998"
"1201","01/26/1998"
"1202","01/27/1998"
"1203","01/28/1998"
"1204","01/29/1998"
"1205","01/30/1998"
"1206","02/02/1998"
"1207","02/03/1998"
"1208","02/04/1998"
"1209","02/05/1998"
"1210","02/06/1998"
"1211","02/09/1998"
"1212","02/10/1998"
"1213","02/11/1998"
"1214","02/12/1998"
"1215","02/13/1998"
"1216","02/16/1998"
"1217","02/17/1998"
"1218","02/18/1998"
"1219","02/19/1998"
"1220","02/23/1998"
"1221","02/24/1998"
"1222","02/25/1998"
"1223","02/26/1998"
"1224","02/27/1998"
"1225","03/02/1998"
"1226","03/03/1998"
"1227","03/04/1998"
"1228","03/05/1998"
"1229","03/06/1998"
"1230","03/09/1998"
"1231","03/10/1998"
"1232","03/11/1998"
"1233","03/12/1998"
"1234","03/13/1998"
"1235","03/16/1998"
"1236","03/17/1998"
"1237","03/18/1998"
"1238","03/19/1998"
"1239","03/20/1998"
"1240","03/23/1998"
"1241","03/24/1998"
"1242","03/25/1998"
"1243","03/26/1998"
"1244","03/27/1998"
"1245","03/30/1998"
"1246","03/31/1998"
"1247","04/01/1998"
"1248","04/02/1998"
"1249","04/06/1998"
"1250","04/07/1998"
"1251","04/08/1998"
"1252","04/20/1998"
"1253","04/21/1998"
"1254","04/22/1998"
"1255","04/23/1998"
"1256","04/24/1998"
"1257","04/27/1998"
"1258","04/28/1998"
"1259","04/29/1998"
"1260","04/30/1998"
"1261","05/05/1998"
"1262","05/06/1998"
"1263","05/07/1998"
"1264","05/08/1998"
"1265","05/11/1998"
"1266","05/12/1998"
"1267","05/13/1998"
"1268","05/14/1998"
"1269","05/18/1998"
"1270","05/19/1998"
"1271","05/20/1998"
"1272","05/21/1998"
"1273","05/24/1998"
"1274","05/25/1998"
"1275","06/01/1998"
"1276","06/02/1998"
"1277","06/03/1998"
"1278","06/04/1998"
"1279","06/05/1998"
"1280","06/08/1998"
"1281","06/09/1998"
"1282","06/10/1998"
"1283","06/11/1998"
"1284","06/14/1998"
"1285","06/15/1998"
"1286","06/16/1998"
"1287","06/17/1998"
"1288","06/18/1998"
"1289","06/19/1998"
"1290","06/22/1998"
"1291","06/23/1998"
"1292","06/24/1998"
"1293","06/29/1998"
"1294","06/30/1998"
"1295","07/01/1998"
"1296","07/02/1998"
"1297","07/03/1998"
"1298","07/06/1998"
"1299","07/07/1998"
"1300","07/08/1998"
"1301","07/09/1998"
"1302","07/10/1998"
"1303","07/13/1998"
"1304","07/14/1998"
"1305","07/15/1998"
"1306","07/16/1998"
"1307","07/17/1998"
"1308","07/20/1998"
"1309","07/21/1998"
"1310","07/22/1998"
"1311","07/23/1998"
"1312","07/24/1998"
"1313","07/27/1998"
"1314","07/28/1998"
"1315","07/29/1998"
"1316","07/30/1998"
"1317","07/31/1998"
"1318","09/02/1998"
"1319","09/03/1998"
"1320","10/19/1998"
"1321","10/20/1998"
"1322","10/21/1998"
"1323","10/22/1998"
"1324","10/24/1998"
"1325","10/26/1998"
"1326","10/27/1998"
"1327","10/28/1998"
"1328","10/29/1998"
"1329","11/01/1998"
"1330","11/02/1998"
"1331","11/03/1998"
"1332","11/04/1998"
"1333","11/05/1998"
"1334","11/09/1998"
"1335","11/10/1998"
"1336","11/11/1998"
"1337","11/12/1998"
"1338","11/16/1998"
"1339","11/17/1998"
"1340","11/18/1998"
"1341","11/19/1998"
"1342","11/24/1998"
"1343","11/25/1998"
"1344","11/26/1998"
"1345","11/27/1998"
"1346","11/30/1998"
"1347","12/01/1998"
"1348","12/02/1998"
"1349","12/03/1998"
"1350","12/07/1998"
"1351","12/08/1998"
"1352","12/09/1998"
"1353","12/10/1998"
"1354","12/14/1998"
"1355","12/15/1998"
"1356","12/16/1998"
"1357","12/17/1998"
"1358","01/11/1999"
"1359","01/12/1999"
"1360","01/13/1999"
"1361","01/14/1999"
"1362","01/18/1999"
"1363","01/19/1999"
"1364","01/20/1999"
"1365","01/21/1999"
"1366","01/25/1999"
"1367","01/26/1999"
"1368","01/27/1999"
"1369","01/28/1999"
"1370","02/01/1999"
"1371","02/02/1999"
"1372","02/03/1999"
"1373","02/04/1999"
"1374","02/08/1999"
"1375","02/09/1999"
"1376","02/10/1999"
"1377","02/11/1999"
"1378","02/15/1999"
"1379","02/16/1999"
"1380","02/22/1999"
"1381","02/23/1999"
"1382","02/24/1999"
"1383","02/25/1999"
"1384","02/26/1999"
"1385","03/01/1999"
"1386","03/02/1999"
"1387","03/03/1999"
"1388","03/04/1999"
"1389","03/05/1999"
"1390","03/08/1999"
"1391","03/09/1999"
"1392","03/10/1999"
"1393","03/11/1999"
"1394","03/12/1999"
"1395","03/15/1999"
"1396","03/16/1999"
"1397","03/17/1999"
"1398","03/18/1999"
"1399","03/19/1999"
"1400","03/22/1999"
"1401","03/23/1999"
"1402","03/24/1999"
"1403","03/25/1999"
"1404","03/26/1999"
"1405","03/29/1999"
"1406","03/30/1999"
"1407","03/31/1999"
"1408","04/13/1999"
"1409","04/14/1999"
"1410","04/15/1999"
"1411","04/16/1999"
"1412","04/19/1999"
"1413","04/20/1999"
"1414","04/21/1999"
"1415","04/22/1999"
"1416","04/23/1999"
"1417","04/26/1999"
"1418","04/27/1999"
"1419","04/28/1999"
"1420","04/29/1999"
"1421","04/30/1999"
"1422","05/04/1999"
"1423","05/05/1999"
"1424","05/06/1999"
"1425","05/07/1999"
"1426","05/10/1999"
"1427","05/11/1999"
"1428","05/12/1999"
"1429","05/13/1999"
"1430","05/14/1999"
"1431","05/17/1999"
"1432","05/18/1999"
"1433","05/19/1999"
"1434","05/20/1999"
"1435","05/21/1999"
"1436","05/24/1999"
"1437","05/25/1999"
"1438","05/26/1999"
"1439","06/02/1999"
"1440","06/08/1999"
"1441","06/09/1999"
"1442","06/10/1999"
"1443","06/11/1999"
"1444","06/14/1999"
"1445","06/15/1999"
"1446","06/16/1999"
"1447","06/17/1999"
"1448","06/18/1999"
"1449","06/21/1999"
"1450","06/22/1999"
"1451","06/23/1999"
"1452","06/24/1999"
"1453","06/25/1999"
"1454","06/28/1999"
"1455","06/29/1999"
"1456","06/30/1999"
"1457","07/01/1999"
"1458","07/02/1999"
"1459","07/05/1999"
"1460","07/06/1999"
"1461","07/07/1999"
"1462","07/08/1999"
"1463","07/12/1999"
"1464","07/13/1999"
"1465","07/14/1999"
"1466","07/15/1999"
"1467","07/16/1999"
"1468","07/19/1999"
"1469","07/20/1999"
"1470","07/21/1999"
"1471","07/22/1999"
"1472","07/23/1999"
"1473","07/26/1999"
"1474","07/27/1999"
"1475","09/12/1999"
"1476","10/19/1999"
"1477","10/20/1999"
"1478","10/21/1999"
"1479","10/23/1999"
"1480","10/25/1999"
"1481","10/26/1999"
"1482","10/27/1999"
"1483","10/28/1999"
"1484","10/29/1999"
"1485","11/01/1999"
"1486","11/02/1999"
"1487","11/03/1999"
"1488","11/04/1999"
"1489","11/05/1999"
"1490","11/08/1999"
"1491","11/09/1999"
"1492","11/10/1999"
"1493","11/11/1999"
"1494","11/17/1999"
"1495","11/18/1999"
"1496","11/19/1999"
"1497","11/22/1999"
"1498","11/23/1999"
"1499","11/24/1999"
"1500","11/25/1999"
"1501","11/26/1999"
"1502","11/29/1999"
"1503","11/30/1999"
"1504","12/01/1999"
"1505","12/02/1999"
"1506","12/06/1999"
"1507","12/07/1999"
"1508","12/08/1999"
"1509","12/09/1999"
"1510","12/13/1999"
"1511","12/14/1999"
"1512","12/15/1999"
"1513","12/16/1999"
"1514","12/20/1999"
"1515","12/21/1999"
"1516","01/10/2000"
"1517","01/11/2000"
"1518","01/12/2000"
"1519","01/13/2000"
"1520","01/17/2000"
"1521","01/18/2000"
"1522","01/19/2000"
"1523","01/20/2000"
"1524","01/24/2000"
"1525","01/25/2000"
"1526","01/26/2000"
"1527","01/27/2000"
"1528","01/28/2000"
"1529","01/31/2000"
"1530","02/01/2000"
"1531","02/02/2000"
"1532","02/03/2000"
"1533","02/04/2000"
"1534","02/07/2000"
"1535","02/08/2000"
"1536","02/09/2000"
"1537","02/10/2000"
"1538","02/11/2000"
"1539","02/14/2000"
"1540","02/15/2000"
"1541","02/16/2000"
"1542","02/17/2000"
"1543","02/21/2000"
"1544","02/22/2000"
"1545","02/28/2000"
"1546","02/29/2000"
"1547","03/01/2000"
"1548","03/02/2000"
"1549","03/03/2000"
"1550","03/06/2000"
"1551","03/07/2000"
"1552","03/08/2000"
"1553","03/09/2000"
"1554","03/10/2000"
"1555","03/13/2000"
"1556","03/14/2000"
"1557","03/15/2000"
"1558","03/16/2000"
"1559","03/17/2000"
"1560","03/20/2000"
"1561","03/21/2000"
"1562","03/22/2000"
"1563","03/23/2000"
"1564","03/24/2000"
"1565","03/27/2000"
"1566","03/28/2000"
"1567","03/29/2000"
"1568","03/30/2000"
"1569","04/03/2000"
"1570","04/04/2000"
"1571","04/05/2000"
"1572","04/06/2000"
"1573","04/07/2000"
"1574","04/10/2000"
"1575","04/11/2000"
"1576","04/12/2000"
"1577","04/13/2000"
"1578","04/14/2000"
"1579","04/17/2000"
"1580","04/18/2000"
"1581","04/19/2000"
"1582","04/20/2000"
"1583","05/02/2000"
"1584","05/03/2000"
"1585","05/04/2000"
"1586","05/05/2000"
"1587","05/08/2000"
"1588","05/09/2000"
"1589","05/10/2000"
"1590","05/11/2000"
"1591","05/12/2000"
"1592","05/14/2000"
"1593","05/15/2000"
"1594","05/16/2000"
"1595","05/17/2000"
"1596","05/18/2000"
"1597","05/19/2000"
"1598","05/22/2000"
"1599","05/23/2000"
"1600","05/24/2000"
"1601","05/25/2000"
"1602","06/05/2000"
"1603","06/06/2000"
"1604","06/07/2000"
"1605","06/08/2000"
"1606","06/09/2000"
"1607","06/12/2000"
"1608","06/13/2000"
"1609","06/14/2000"
"1610","06/15/2000"
"1611","06/19/2000"
"1612","06/20/2000"
"1613","06/21/2000"
"1614","06/22/2000"
"1615","06/23/2000"
"1616","06/26/2000"
"1617","06/27/2000"
"1618","06/28/2000"
"1619","06/29/2000"
"1620","07/03/2000"
"1621","07/04/2000"
"1622","07/05/2000"
"1623","07/06/2000"
"1624","07/07/2000"
"1625","07/10/2000"
"1626","07/11/2000"
"1627","07/12/2000"
"1628","07/13/2000"
"1629","07/17/2000"
"1630","07/18/2000"
"1631","07/19/2000"
"1632","07/20/2000"
"1633","07/21/2000"
"1634","07/24/2000"
"1635","07/25/2000"
"1636","07/26/2000"
"1637","07/27/2000"
"1638","07/28/2000"
"1639","10/04/2000"
"1640","10/23/2000"
"1641","10/24/2000"
"1642","10/25/2000"
"1643","10/26/2000"
"1644","10/30/2000"
"1645","10/31/2000"
"1646","11/01/2000"
"1647","11/02/2000"
"1648","11/06/2000"
"1649","11/07/2000"
"1650","11/08/2000"
"1651","11/09/2000"
"1652","11/10/2000"
"1653","11/13/2000"
"1654","11/14/2000"
"1655","11/15/2000"
"1656","11/16/2000"
"1657","11/17/2000"
"1658","11/20/2000"
"1659","11/21/2000"
"1660","11/22/2000"
"1661","11/23/2000"
"1662","11/24/2000"
"1663","11/27/2000"
"1664","11/28/2000"
"1665","11/29/2000"
"1666","11/30/2000"
"1667","12/06/2000"
"1668","12/07/2000"
"1669","12/08/2000"
"1670","12/11/2000"
"1671","12/12/2000"
"1672","12/13/2000"
"1673","12/14/2000"
"1674","12/15/2000"
"1675","12/18/2000"
"1676","12/19/2000"
"1677","12/20/2000"
"1678","12/21/2000"
"1679","01/08/2001"
"1680","01/09/2001"
"1681","01/10/2001"
"1682","01/11/2001"
"1683","01/15/2001"
"1684","01/16/2001"
"1685","01/17/2001"
"1686","01/18/2001"
"1687","01/22/2001"
"1688","01/23/2001"
"1689","01/24/2001"
"1690","01/25/2001"
"1691","01/26/2001"
"1692","02/12/2001"
"1693","02/13/2001"
"1694","02/14/2001"
"1695","02/15/2001"
"1696","02/26/2001"
"1697","02/27/2001"
"1698","02/28/2001"
"1699","03/01/2001"
"1700","03/05/2001"
"1701","03/06/2001"
"1702","03/07/2001"
"1703","03/08/2001"
"1704","03/09/2001"
"1705","03/12/2001"
"1706","03/13/2001"
"1707","03/14/2001"
"1708","03/15/2001"
"1709","03/16/2001"
"1710","03/19/2001"
"1711","03/20/2001"
"1712","03/21/2001"
"1713","03/22/2001"
"1714","03/23/2001"
"1715","03/26/2001"
"1716","03/27/2001"
"1717","03/28/2001"
"1718","03/29/2001"
"1719","03/30/2001"
"1720","04/02/2001"
"1721","04/03/2001"
"1722","04/04/2001"
"1723","04/05/2001"
"1724","04/06/2001"
"1725","04/09/2001"
"1726","04/10/2001"
"1727","04/23/2001"
"1728","04/24/2001"
"1729","04/25/2001"
"1730","04/26/2001"
"1731","04/27/2001"
"1732","04/30/2001"
"1733","05/01/2001"
"1734","05/02/2001"
"1735","05/03/2001"
"1736","05/08/2001"
"1737","05/09/2001"
"1738","05/10/2001"
"1739","05/11/2001"
"1740","05/19/2001"
"1741","06/02/2001"
"1742","06/03/2001"
"1743","06/13/2001"
"1744","06/14/2001"
"1745","06/15/2001"
"1746","06/19/2001"
"1747","06/20/2001"
"1748","06/21/2001"
"1749","06/22/2001"
"1750","06/25/2001"
"1751","06/26/2001"
"1752","06/27/2001"
"1753","06/28/2001"
"1754","07/02/2001"
"1755","07/03/2001"
"1756","07/04/2001"
"1757","07/05/2001"
"1758","07/09/2001"
"1759","07/10/2001"
"1760","07/11/2001"
"1761","07/12/2001"
"1762","07/13/2001"
"1763","07/16/2001"
"1764","07/17/2001"
"1765","07/18/2001"
"1766","07/19/2001"
"1767","07/20/2001"
"1768","09/14/2001"
"1769","09/19/2001"
"1770","10/01/2001"
"1771","10/04/2001"
"1772","10/08/2001"
"1773","10/15/2001"
"1774","10/16/2001"
"1775","10/17/2001"
"1776","10/18/2001"
"1777","10/19/2001"
"1778","10/22/2001"
"1779","10/23/2001"
"1780","10/24/2001"
"1781","10/25/2001"
"1782","10/26/2001"
"1783","10/29/2001"
"1784","10/30/2001"
"1785","10/31/2001"
"1786","11/01/2001"
"1787","11/02/2001"
"1788","11/05/2001"
"1789","11/06/2001"
"1790","11/07/2001"
"1791","11/08/2001"
"1792","11/09/2001"
"1793","11/12/2001"
"1794","11/13/2001"
"1795","11/14/2001"
"1796","11/15/2001"
"1797","11/16/2001"
"1798","11/19/2001"
"1799","11/20/2001"
"1800","11/21/2001"
"1801","11/22/2001"
"1802","11/23/2001"
"1803","11/26/2001"
"1804","11/27/2001"
"1805","11/28/2001"
"1806","11/29/2001"
"1807","11/30/2001"
"1808","12/03/2001"
"1809","12/04/2001"
"1810","12/05/2001"
"1811","12/06/2001"
"1812","12/10/2001"
"1813","12/11/2001"
"1814","12/12/2001"
"1815","12/13/2001"
"1816","12/17/2001"
"1817","12/18/2001"
"1818","12/19/2001"
"1819","01/02/2002"
"1820","01/08/2002"
"1821","01/09/2002"
"1822","01/10/2002"
"1823","01/11/2002"
"1824","01/14/2002"
"1825","01/15/2002"
"1826","01/16/2002"
"1827","01/17/2002"
"1828","01/18/2002"
"1829","01/21/2002"
"1830","01/22/2002"
"1831","01/23/2002"
"1832","01/24/2002"
"1833","01/25/2002"
"1834","01/28/2002"
"1835","01/29/2002"
"1836","01/30/2002"
"1837","01/31/2002"
"1838","02/01/2002"
"1839","02/04/2002"
"1840","02/05/2002"
"1841","02/06/2002"
"1842","02/07/2002"
"1843","02/08/2002"
"1844","02/11/2002"
"1845","02/12/2002"
"1846","02/13/2002"
"1847","02/14/2002"
"1848","02/25/2002"
"1849","02/26/2002"
"1850","02/27/2002"
"1851","02/28/2002"
"1852","03/01/2002"
"1853","03/04/2002"
"1854","03/05/2002"
"1855","03/06/2002"
"1856","03/07/2002"
"1857","03/08/2002"
"1858","03/11/2002"
"1859","03/12/2002"
"1860","03/13/2002"
"1861","03/14/2002"
"1862","03/15/2002"
"1863","03/18/2002"
"1864","03/19/2002"
"1865","03/20/2002"
"1866","03/21/2002"
"1867","03/25/2002"
"1868","03/26/2002"
"1869","04/03/2002"
"1870","04/09/2002"
"1871","04/10/2002"
"1872","04/11/2002"
"1873","04/12/2002"
"1874","04/15/2002"
"1875","04/16/2002"
"1876","04/17/2002"
"1877","04/18/2002"
"1878","04/19/2002"
"1879","04/20/2002"
"1880","04/22/2002"
"1881","04/23/2002"
"1882","04/24/2002"
"1883","04/25/2002"
"1884","04/26/2002"
"1885","04/29/2002"
"1886","04/30/2002"
"1887","05/01/2002"
"1888","05/02/2002"
"1889","05/07/2002"
"1890","05/08/2002"
"1891","05/09/2002"
"1892","05/10/2002"
"1893","05/13/2002"
"1894","05/14/2002"
"1895","05/15/2002"
"1896","05/16/2002"
"1897","05/20/2002"
"1898","05/21/2002"
"1899","05/22/2002"
"1900","05/23/2002"
"1901","05/24/2002"
"1902","06/10/2002"
"1903","06/11/2002"
"1904","06/12/2002"
"1905","06/13/2002"
"1906","06/17/2002"
"1907","06/18/2002"
"1908","06/19/2002"
"1909","06/20/2002"
"1910","06/21/2002"
"1911","06/22/2002"
"1912","06/24/2002"
"1913","06/25/2002"
"1914","06/26/2002"
"1915","06/27/2002"
"1916","07/01/2002"
"1917","07/02/2002"
"1918","07/03/2002"
"1919","07/04/2002"
"1920","07/05/2002"
"1921","07/06/2002"
"1922","07/08/2002"
"1923","07/09/2002"
"1924","07/10/2002"
"1925","07/11/2002"
"1926","07/12/2002"
"1927","07/15/2002"
"1928","07/16/2002"
"1929","07/17/2002"
"1930","07/18/2002"
"1931","07/19/2002"
"1932","07/22/2002"
"1933","07/23/2002"
"1934","07/24/2002"
"1935","07/27/2002"
"1936","09/19/2002"
"1937","09/24/2002"
"1938","10/14/2002"
"1939","10/15/2002"
"1940","10/16/2002"
"1941","10/17/2002"
"1942","10/21/2002"
"1943","10/22/2002"
"1944","10/23/2002"
"1945","10/24/2002"
"1946","10/28/2002"
"1947","10/29/2002"
"1948","10/30/2002"
"1949","10/31/2002"
"1950","11/04/2002"
"1951","11/05/2002"
"1952","11/06/2002"
"1953","11/07/2002"
"1954","11/25/2002"
"1955","11/26/2002"
"1956","11/27/2002"
"1957","11/28/2002"
"1958","12/02/2002"
"1959","12/03/2002"
"1960","12/04/2002"
"1961","12/05/2002"
"1962","12/06/2002"
"1963","12/09/2002"
"1964","12/10/2002"
"1965","12/11/2002"
"1966","12/12/2002"
"1967","12/16/2002"
"1968","12/17/2002"
"1969","12/18/2002"
"1970","12/19/2002"
"1971","01/03/2003"
"1972","01/06/2003"
"1973","01/07/2003"
"1974","01/08/2003"
"1975","01/09/2003"
"1976","01/13/2003"
"1977","01/14/2003"
"1978","01/15/2003"
"1979","01/16/2003"
"1980","01/20/2003"
"1981","01/21/2003"
"1982","01/22/2003"
"1983","01/23/2003"
"1984","01/27/2003"
"1985","01/28/2003"
"1986","01/29/2003"
"1987","01/30/2003"
"1988","01/31/2003"
"1989","02/14/2003"
"1990","02/24/2003"
"1991","02/25/2003"
"1992","02/26/2003"
"1993","02/27/2003"
"1994","02/28/2003"
"1995","03/03/2003"
"1996","03/04/2003"
"1997","03/05/2003"
"1998","03/06/2003"
"1999","03/07/2003"
"2000","03/10/2003"
"2001","03/11/2003"
"2002","03/12/2003"
"2003","03/13/2003"
"2004","03/14/2003"
"2005","03/17/2003"
"2006","03/18/2003"
"2007","03/19/2003"
"2008","03/20/2003"
"2009","03/21/2003"
"2010","03/24/2003"
"2011","03/25/2003"
"2012","03/26/2003"
"2013","03/27/2003"
"2014","03/28/2003"
"2015","03/31/2003"
"2016","04/01/2003"
"2017","04/02/2003"
"2018","04/03/2003"
"2019","04/04/2003"
"2020","04/07/2003"
"2021","04/08/2003"
"2022","04/09/2003"
"2023","04/10/2003"
"2024","04/11/2003"
"2025","04/14/2003"
"2026","04/15/2003"
"2027","04/24/2003"
"2028","04/28/2003"
"2029","04/29/2003"
"2030","04/30/2003"
"2031","05/01/2003"
"2032","05/02/2003"
"2033","05/06/2003"
"2034","05/07/2003"
"2035","05/08/2003"
"2036","05/12/2003"
"2037","05/13/2003"
"2038","05/14/2003"
"2039","05/15/2003"
"2040","05/16/2003"
"2041","05/19/2003"
"2042","05/20/2003"
"2043","05/21/2003"
"2044","05/22/2003"
"2045","05/23/2003"
"2046","05/30/2003"
"2047","06/03/2003"
"2048","06/04/2003"
"2049","06/05/2003"
"2050","06/09/2003"
"2051","06/10/2003"
"2052","06/11/2003"
"2053","06/12/2003"
"2054","06/13/2003"
"2055","06/16/2003"
"2056","06/17/2003"
"2057","06/18/2003"
"2058","06/19/2003"
"2059","06/20/2003"
"2060","06/23/2003"
"2061","06/24/2003"
"2062","06/25/2003"
"2063","06/26/2003"
"2064","06/30/2003"
"2065","07/01/2003"
"2066","07/02/2003"
"2067","07/03/2003"
"2068","07/04/2003"
"2069","07/07/2003"
"2070","07/08/2003"
"2071","07/09/2003"
"2072","07/10/2003"
"2073","07/11/2003"
"2074","07/14/2003"
"2075","07/15/2003"
"2076","07/16/2003"
"2077","07/17/2003"
"2078","07/18/2003"
"2079","07/26/2003"
"2080","08/18/2003"
"2081","09/02/2003"
"2082","09/08/2003"
"2083","09/09/2003"
"2084","09/10/2003"
"2085","09/11/2003"
"2086","09/15/2003"
"2087","09/16/2003"
"2088","09/17/2003"
"2089","09/18/2003"
"2090","09/19/2003"
"2091","10/07/2003"
"2092","10/27/2003"
"2093","10/28/2003"
"2094","10/29/2003"
"2095","10/30/2003"
"2096","11/03/2003"
"2097","11/04/2003"
"2098","11/05/2003"
"2099","11/06/2003"
"2100","11/10/2003"
"2101","11/11/2003"
"2102","11/12/2003"
"2103","11/13/2003"
"2104","11/17/2003"
"2105","11/18/2003"
"2106","11/19/2003"
"2107","11/20/2003"
"2108","11/26/2003"
"2109","11/27/2003"
"2110","12/01/2003"
"2111","12/02/2003"
"2112","12/03/2003"
"2113","12/04/2003"
"2114","12/08/2003"
"2115","12/09/2003"
"2116","12/10/2003"
"2117","12/11/2003"
"2118","12/15/2003"
"2119","12/16/2003"
"2120","12/17/2003"
"2121","12/18/2003"
"2122","12/19/2003"
"2123","01/04/2004"
"2124","01/05/2004"
"2125","01/06/2004"
"2126","01/07/2004"
"2127","01/08/2004"
"2128","01/12/2004"
"2129","01/13/2004"
"2130","01/14/2004"
"2131","01/15/2004"
"2132","01/19/2004"
"2133","01/20/2004"
"2134","01/21/2004"
"2135","01/22/2004"
"2136","01/26/2004"
"2137","01/27/2004"
"2138","01/28/2004"
"2139","01/29/2004"
"2140","01/30/2004"
"2141","02/02/2004"
"2142","02/03/2004"
"2143","02/04/2004"
"2144","02/05/2004"
"2145","02/06/2004"
"2146","02/09/2004"
"2147","02/10/2004"
"2148","02/11/2004"
"2149","02/12/2004"
"2150","02/13/2004"
"2151","02/23/2004"
"2152","02/24/2004"
"2153","02/25/2004"
"2154","02/26/2004"
"2155","02/27/2004"
"2156","03/01/2004"
"2157","03/02/2004"
"2158","03/03/2004"
"2159","03/04/2004"
"2160","03/05/2004"
"2161","03/08/2004"
"2162","03/09/2004"
"2163","03/10/2004"
"2164","03/11/2004"
"2165","03/12/2004"
"2166","03/15/2004"
"2167","03/16/2004"
"2168","03/17/2004"
"2169","03/18/2004"
"2170","03/22/2004"
"2171","03/23/2004"
"2172","03/24/2004"
"2173","03/25/2004"
"2174","03/26/2004"
"2175","03/29/2004"
"2176","03/30/2004"
"2177","03/31/2004"
"2178","04/01/2004"
"2179","04/19/2004"
"2180","04/20/2004"
"2181","04/21/2004"
"2182","04/22/2004"
"2183","04/23/2004"
"2184","04/26/2004"
"2185","04/27/2004"
"2186","04/28/2004"
"2187","04/29/2004"
"2188","04/30/2004"
"2189","05/04/2004"
"2190","05/05/2004"
"2191","05/06/2004"
"2192","05/10/2004"
"2193","05/11/2004"
"2194","05/12/2004"
"2195","05/13/2004"
"2196","05/14/2004"
"2197","05/17/2004"
"2198","05/18/2004"
"2199","05/19/2004"
"2200","05/20/2004"
"2201","05/21/2004"
"2202","05/24/2004"
"2203","05/25/2004"
"2204","05/26/2004"
"2205","05/27/2004"
"2206","05/28/2004"
"2207","06/01/2004"
"2208","06/07/2004"
"2209","06/08/2004"
"2210","06/09/2004"
"2211","06/10/2004"
"2212","06/14/2004"
"2213","06/15/2004"
"2214","06/16/2004"
"2215","06/17/2004"
"2216","06/18/2004"
"2217","06/21/2004"
"2218","06/22/2004"
"2219","06/23/2004"
"2220","06/24/2004"
"2221","06/28/2004"
"2222","06/29/2004"
"2223","06/30/2004"
"2224","07/01/2004"
"2225","07/05/2004"
"2226","07/06/2004"
"2227","07/07/2004"
"2228","07/08/2004"
"2229","07/12/2004"
"2230","07/13/2004"
"2231","07/14/2004"
"2232","07/15/2004"
"2233","07/16/2004"
"2234","07/19/2004"
"2235","07/20/2004"
"2236","07/21/2004"
"2237","07/22/2004"
"2238","07/23/2004"
"2239","09/07/2004"
"2240","09/08/2004"
"2241","09/09/2004"
"2242","09/13/2004"
"2243","09/14/2004"
"2244","09/15/2004"
"2245","09/16/2004"
"2246","09/17/2004"
"2247","10/02/2004"
"2248","12/19/2004"
"2249","05/15/2005"
"2250","04/14/2006"
"2251","06/05/2006"
"2252","06/06/2006"
"2253","06/07/2006"
"2254","06/08/2006"
"2255","06/12/2006"
"2256","06/13/2006"
"2257","06/14/2006"
"2258","06/15/2006"
"2259","06/16/2006"
"2260","06/19/2006"
"2261","06/20/2006"
"2262","06/21/2006"
"2263","06/22/2006"
"2264","06/26/2006"
"2265","06/27/2006"
"2266","06/28/2006"
"2267","06/29/2006"
"2268","07/03/2006"
"2269","07/04/2006"
"2270","07/05/2006"
"2271","07/06/2006"
"2272","07/10/2006"
"2273","07/11/2006"
"2274","07/12/2006"
"2275","07/13/2006"
"2276","07/14/2006"
"2277","07/17/2006"
"2278","07/18/2006"
"2279","07/19/2006"
"2280","07/20/2006"
"2281","07/24/2006"
"2282","07/25/2006"
"2283","09/11/2006"
"2284","09/13/2006"
"2285","09/18/2006"
"2286","10/09/2006"
"2287","10/10/2006"
"2288","10/11/2006"
"2289","10/12/2006"
"2290","10/16/2006"
"2291","10/17/2006"
"2292","10/18/2006"
"2293","10/19/2006"
"2294","10/20/2006"
"2295","10/23/2006"
"2296","10/24/2006"
"2297","10/25/2006"
"2298","10/26/2006"
"2299","10/30/2006"
"2300","10/31/2006"
"2301","11/01/2006"
"2302","11/02/2006"
"2303","11/06/2006"
"2304","11/07/2006"
"2305","11/08/2006"
"2306","11/15/2006"
"2307","11/16/2006"
"2308","11/20/2006"
"2309","11/21/2006"
"2310","11/22/2006"
"2311","11/23/2006"
"2312","11/27/2006"
"2313","11/28/2006"
"2314","11/29/2006"
"2315","11/30/2006"
"2316","12/04/2006"
"2317","12/05/2006"
"2318","12/06/2006"
"2319","12/07/2006"
"2320","12/11/2006"
"2321","12/12/2006"
"2322","12/13/2006"
"2323","12/14/2006"
"2324","12/18/2006"
"2325","12/19/2006"
"2326","01/08/2007"
"2327","01/09/2007"
"2328","01/10/2007"
"2329","01/11/2007"
"2330","01/15/2007"
"2331","01/16/2007"
"2332","01/17/2007"
"2333","01/18/2007"
"2334","01/19/2007"
"2335","01/22/2007"
"2336","01/23/2007"
"2337","01/24/2007"
"2338","01/25/2007"
"2339","01/26/2007"
"2340","01/29/2007"
"2341","01/30/2007"
"2342","01/31/2007"
"2343","02/01/2007"
"2344","02/02/2007"
"2345","02/05/2007"
"2346","02/06/2007"
"2347","02/07/2007"
"2348","02/08/2007"
"2349","02/19/2007"
"2350","02/20/2007"
"2351","02/21/2007"
"2352","02/22/2007"
"2353","02/23/2007"
"2354","02/26/2007"
"2355","02/27/2007"
"2356","02/28/2007"
"2357","03/01/2007"
"2358","03/02/2007"
"2359","03/05/2007"
"2360","03/06/2007"
"2361","03/07/2007"
"2362","03/08/2007"
"2363","03/09/2007"
"2364","03/12/2007"
"2365","03/13/2007"
"2366","03/14/2007"
"2367","03/15/2007"
"2368","03/19/2007"
"2369","03/20/2007"
"2370","03/21/2007"
"2371","03/22/2007"
"2372","03/23/2007"
"2373","03/26/2007"
"2374","03/27/2007"
"2375","03/28/2007"
"2376","03/29/2007"
"2377","04/16/2007"
"2378","04/17/2007"
"2379","04/18/2007"
"2380","04/19/2007"
"2381","04/20/2007"
"2382","04/23/2007"
"2383","04/24/2007"
"2384","04/25/2007"
"2385","04/26/2007"
"2386","04/27/2007"
"2387","04/30/2007"
"2388","05/01/2007"
"2389","05/02/2007"
"2390","05/03/2007"
"2391","05/08/2007"
"2392","05/09/2007"
"2393","05/10/2007"
"2394","05/14/2007"
"2395","05/15/2007"
"2396","05/16/2007"
"2397","05/17/2007"
"2398","05/18/2007"
"2399","05/21/2007"
"2400","05/22/2007"
"2401","05/23/2007"
"2402","05/24/2007"
"2403","06/04/2007"
"2404","06/05/2007"
"2405","06/06/2007"
"2406","06/07/2007"
"2407","06/11/2007"
"2408","06/12/2007"
"2409","06/13/2007"
"2410","06/14/2007"
"2411","06/15/2007"
"2412","06/18/2007"
"2413","06/19/2007"
"2414","06/20/2007"
"2415","06/21/2007"
"2416","06/25/2007"
"2417","06/26/2007"
"2418","06/27/2007"
"2419","06/28/2007"
"2420","06/29/2007"
"2421","07/02/2007"
"2422","07/03/2007"
"2423","07/04/2007"
"2424","07/05/2007"
"2425","07/09/2007"
"2426","07/10/2007"
"2427","07/11/2007"
"2428","07/12/2007"
"2429","07/16/2007"
"2430","07/17/2007"
"2431","07/18/2007"
"2432","07/19/2007"
"2433","07/23/2007"
"2434","07/24/2007"
"2435","07/25/2007"
"2436","07/26/2007"
"2437","09/10/2007"
"2438","09/12/2007"
"2439","09/17/2007"
"2440","10/08/2007"
"2441","10/09/2007"
"2442","10/10/2007"
"2443","10/11/2007"
"2444","10/15/2007"
"2445","10/16/2007"
"2446","10/17/2007"
"2447","10/18/2007"
"2448","10/19/2007"
"2449","10/22/2007"
"2450","10/23/2007"
"2451","10/24/2007"
"2452","10/25/2007"
"2453","10/29/2007"
"2454","10/30/2007"
"2455","11/06/2007"
"2456","11/07/2007"
"2457","11/08/2007"
"2458","11/12/2007"
"2459","11/13/2007"
"2460","11/14/2007"
"2461","11/15/2007"
"2462","11/19/2007"
"2463","11/20/2007"
"2464","11/21/2007"
"2465","11/22/2007"
"2466","11/26/2007"
"2467","11/27/2007"
"2468","11/28/2007"
"2469","11/29/2007"
"2470","12/03/2007"
"2471","12/04/2007"
"2472","12/05/2007"
"2473","12/06/2007"
"2474","12/10/2007"
"2475","12/11/2007"
"2476","12/12/2007"
"2477","12/13/2007"
"2478","12/17/2007"
"2479","12/18/2007"
"2480","01/07/2008"
"2481","01/08/2008"
"2482","01/09/2008"
"2483","01/10/2008"
"2484","01/14/2008"
"2485","01/15/2008"
"2486","01/16/2008"
"2487","01/17/2008"
"2488","01/21/2008"
"2489","01/22/2008"
"2490","01/23/2008"
"2491","01/24/2008"
"2492","01/25/2008"
"2493","01/28/2008"
"2494","01/29/2008"
"2495","01/30/2008"
"2496","01/31/2008"
"2497","02/01/2008"
"2498","02/04/2008"
"2499","02/05/2008"
"2500","02/06/2008"
"2501","02/07/2008"
"2502","02/18/2008"
"2503","02/19/2008"
"2504","02/20/2008"
"2505","02/21/2008"
"2506","02/22/2008"
"2507","02/25/2008"
"2508","02/26/2008"
"2509","02/27/2008"
"2510","02/29/2008"
"2511","03/03/2008"
"2512","03/04/2008"
"2513","03/05/2008"
"2514","03/06/2008"
"2515","03/07/2008"
"2516","03/10/2008"
"2517","03/11/2008"
"2518","03/12/2008"
"2519","03/13/2008"
"2520","03/14/2008"
"2521","03/17/2008"
"2522","03/18/2008"
"2523","03/19/2008"
"2524","03/20/2008"
"2525","03/25/2008"
"2526","03/26/2008"
"2527","03/27/2008"
"2528","03/31/2008"
"2529","04/01/2008"
"2530","04/02/2008"
"2531","04/03/2008"
"2532","04/21/2008"
"2533","04/22/2008"
"2534","04/23/2008"
"2535","04/24/2008"
"2536","04/25/2008"
"2537","04/28/2008"
"2538","04/29/2008"
"2539","04/30/2008"
"2540","05/01/2008"
"2541","05/06/2008"
"2542","05/07/2008"
"2543","05/08/2008"
"2544","05/09/2008"
"2545","05/12/2008"
"2546","05/13/2008"
"2547","05/14/2008"
"2548","05/15/2008"
"2549","05/16/2008"
"2550","05/19/2008"
"2551","05/20/2008"
"2552","05/21/2008"
"2553","05/22/2008"
"2554","06/02/2008"
"2555","06/03/2008"
"2556","06/04/2008"
"2557","06/05/2008"
"2558","06/06/2008"
"2559","06/09/2008"
"2560","06/10/2008"
"2561","06/11/2008"
"2562","06/12/2008"
"2563","06/13/2008"
"2564","06/16/2008"
"2565","06/17/2008"
"2566","06/18/2008"
"2567","06/19/2008"
"2568","06/20/2008"
"2569","06/23/2008"
"2570","06/24/2008"
"2571","06/25/2008"
"2572","06/26/2008"
"2573","06/30/2008"
"2574","07/01/2008"
"2575","07/02/2008"
"2576","07/03/2008"
"2577","07/07/2008"
"2578","07/08/2008"
"2579","07/09/2008"
"2580","07/10/2008"
"2581","07/14/2008"
"2582","07/15/2008"
"2583","07/16/2008"
"2584","07/17/2008"
"2585","07/21/2008"
"2586","09/10/2008"
"2587","09/15/2008"
"2588","09/17/2008"
"2589","10/06/2008"
"2590","10/07/2008"
"2591","10/08/2008"
"2592","10/09/2008"
"2593","10/13/2008"
"2594","10/14/2008"
"2595","10/15/2008"
"2596","10/16/2008"
"2597","10/17/2008"
"2598","10/20/2008"
"2599","10/21/2008"
"2600","10/22/2008"
"2601","10/23/2008"
"2602","10/27/2008"
"2603","10/28/2008"
"2604","10/29/2008"
"2605","10/30/2008"
"2606","11/03/2008"
"2607","11/04/2008"
"2608","11/05/2008"
"2609","11/06/2008"
"2610","11/10/2008"
"2611","11/11/2008"
"2612","11/12/2008"
"2613","11/13/2008"
"2614","11/17/2008"
"2615","11/18/2008"
"2616","11/19/2008"
"2617","11/20/2008"
"2618","11/24/2008"
"2619","11/25/2008"
"2620","12/03/2008"
"2621","12/04/2008"
"2622","12/08/2008"
"2623","12/09/2008"
"2624","12/10/2008"
"2625","12/11/2008"
"2626","12/15/2008"
"2627","12/16/2008"
"2628","12/17/2008"
"2629","12/18/2008"
"2630","01/12/2009"
"2631","01/13/2009"
"2632","01/14/2009"
"2633","01/15/2009"
"2634","01/19/2009"
"2635","01/20/2009"
"2636","01/21/2009"
"2637","01/22/2009"
"2638","01/26/2009"
"2639","01/27/2009"
"2640","01/28/2009"
"2641","01/29/2009"
"2642","02/02/2009"
"2643","02/03/2009"
"2644","02/04/2009"
"2645","02/05/2009"
"2646","02/09/2009"
"2647","02/10/2009"
"2648","02/11/2009"
"2649","02/12/2009"
"2650","02/23/2009"
"2651","02/24/2009"
"2652","02/25/2009"
"2653","02/26/2009"
"2654","02/27/2009"
"2655","03/02/2009"
"2656","03/03/2009"
"2657","03/04/2009"
"2658","03/05/2009"
"2659","03/06/2009"
"2660","03/09/2009"
"2661","03/10/2009"
"2662","03/11/2009"
"2663","03/12/2009"
"2664","03/13/2009"
"2665","03/16/2009"
"2666","03/17/2009"
"2667","03/18/2009"
"2668","03/19/2009"
"2669","03/20/2009"
"2670","03/23/2009"
"2671","03/24/2009"
"2672","03/25/2009"
"2673","03/26/2009"
"2674","03/27/2009"
"2675","03/30/2009"
"2676","03/31/2009"
"2677","04/01/2009"
"2678","04/02/2009"
"2679","04/20/2009"
"2680","04/21/2009"
"2681","04/22/2009"
"2682","04/23/2009"
"2683","04/24/2009"
"2684","04/27/2009"
"2685","04/28/2009"
"2686","04/29/2009"
"2687","04/30/2009"
"2688","05/05/2009"
"2689","05/06/2009"
"2690","05/07/2009"
"2691","05/08/2009"
"2692","05/11/2009"
"2693","05/12/2009"
"2694","05/13/2009"
"2695","05/14/2009"
"2696","05/15/2009"
"2697","05/18/2009"
"2698","05/19/2009"
"2699","05/20/2009"
"2700","05/21/2009"
"2701","06/01/2009"
"2702","06/02/2009"
"2703","06/03/2009"
"2704","06/04/2009"
"2705","06/08/2009"
"2706","06/09/2009"
"2707","06/10/2009"
"2708","06/11/2009"
"2709","06/12/2009"
"2710","06/15/2009"
"2711","06/16/2009"
"2712","06/17/2009"
"2713","06/18/2009"
"2714","06/19/2009"
"2715","06/22/2009"
"2716","06/23/2009"
"2717","06/24/2009"
"2718","06/25/2009"
"2719","06/26/2009"
"2720","06/29/2009"
"2721","06/30/2009"
"2722","07/01/2009"
"2723","07/02/2009"
"2724","07/03/2009"
"2725","07/06/2009"
"2726","07/07/2009"
"2727","07/08/2009"
"2728","07/09/2009"
"2729","07/13/2009"
"2730","07/14/2009"
"2731","07/15/2009"
"2732","07/16/2009"
"2733","07/20/2009"
"2734","07/21/2009"
"2735","09/09/2009"
"2736","09/14/2009"
"2737","09/16/2009"
"2738","10/12/2009"
"2739","10/13/2009"
"2740","10/14/2009"
"2741","10/15/2009"
"2742","10/16/2009"
"2743","10/19/2009"
"2744","10/20/2009"
"2745","10/21/2009"
"2746","10/22/2009"
"2747","10/26/2009"
"2748","10/27/2009"
"2749","10/28/2009"
"2750","10/29/2009"
"2751","11/02/2009"
"2752","11/03/2009"
"2753","11/04/2009"
"2754","11/05/2009"
"2755","11/09/2009"
"2756","11/10/2009"
"2757","11/11/2009"
"2758","11/12/2009"
"2759","11/18/2009"
"2760","11/19/2009"
"2761","11/23/2009"
"2762","11/24/2009"
"2763","11/25/2009"
"2764","11/26/2009"
"2765","11/30/2009"
"2766","12/01/2009"
"2767","12/02/2009"
"2768","12/03/2009"
"2769","12/07/2009"
"2770","12/08/2009"
"2771","12/09/2009"
"2772","12/10/2009"
"2773","12/14/2009"
"2774","12/15/2009"
"2775","12/16/2009"
"2776","01/05/2010"
"2777","01/06/2010"
"2778","01/07/2010"
"2779","01/11/2010"
"2780","01/12/2010"
"2781","01/13/2010"
"2782","01/14/2010"
"2783","01/18/2010"
"2784","01/19/2010"
"2785","01/20/2010"
"2786","01/21/2010"
"2787","01/25/2010"
"2788","01/26/2010"
"2789","01/27/2010"
"2790","01/28/2010"
"2791","01/29/2010"
"2792","02/01/2010"
"2793","02/02/2010"
"2794","02/03/2010"
"2795","02/04/2010"
"2796","02/05/2010"
"2797","02/08/2010"
"2798","02/09/2010"
"2799","02/10/2010"
"2800","02/22/2010"
"2801","02/23/2010"
"2802","02/24/2010"
"2803","02/25/2010"
"2804","02/26/2010"
"2805","03/01/2010"
"2806","03/02/2010"
"2807","03/03/2010"
"2808","03/04/2010"
"2809","03/05/2010"
"2810","03/08/2010"
"2811","03/09/2010"
"2812","03/10/2010"
"2813","03/11/2010"
"2814","03/12/2010"
"2815","03/15/2010"
"2816","03/16/2010"
"2817","03/17/2010"
"2818","03/18/2010"
"2819","03/22/2010"
"2820","03/23/2010"
"2821","03/24/2010"
"2822","03/25/2010"
"2823","03/29/2010"
"2824","03/30/2010"
"2825","04/06/2010"
"2826","04/07/2010"
"2827","04/08/2010"
"2828","05/18/2010"
"2829","05/19/2010"
"2830","05/20/2010"
"2831","05/24/2010"
"2832","05/25/2010"
"2833","05/26/2010"
"2834","05/27/2010"
"2835","06/02/2010"
"2836","06/03/2010"
"2837","06/07/2010"
"2838","06/08/2010"
"2839","06/09/2010"
"2840","06/10/2010"
"2841","06/14/2010"
"2842","06/15/2010"
"2843","06/16/2010"
"2844","06/17/2010"
"2845","06/21/2010"
"2846","06/22/2010"
"2847","06/23/2010"
"2848","06/24/2010"
"2849","06/28/2010"
"2850","06/29/2010"
"2851","06/30/2010"
"2852","07/01/2010"
"2853","07/05/2010"
"2854","07/06/2010"
"2855","07/07/2010"
"2856","07/08/2010"
"2857","07/12/2010"
"2858","07/13/2010"
"2859","07/14/2010"
"2860","07/15/2010"
"2861","07/19/2010"
"2862","07/20/2010"
"2863","07/21/2010"
"2864","07/22/2010"
"2865","07/26/2010"
"2866","07/27/2010"
"2867","09/06/2010"
"2868","09/07/2010"
"2869","09/08/2010"
"2870","09/09/2010"
"2871","09/13/2010"
"2872","09/14/2010"
"2873","09/15/2010"
"2874","09/16/2010"
"2875","10/11/2010"
"2876","10/12/2010"
"2877","10/13/2010"
"2878","10/14/2010"
"2879","10/18/2010"
"2880","10/19/2010"
"2881","10/20/2010"
"2882","10/21/2010"
"2883","10/22/2010"
"2884","10/25/2010"
"2885","10/26/2010"
"2886","10/27/2010"
"2887","10/28/2010"
"2888","11/01/2010"
"2889","11/02/2010"
"2890","11/03/2010"
"2891","11/04/2010"
"2892","11/08/2010"
"2893","11/09/2010"
"2894","11/10/2010"
"2895","11/11/2010"
"2896","11/12/2010"
"2897","11/15/2010"
"2898","11/16/2010"
"2899","11/17/2010"
"2900","11/18/2010"
"2901","11/19/2010"
"2902","11/22/2010"
"2903","11/23/2010"
"2904","11/24/2010"
"2905","11/25/2010"
"2906","11/29/2010"
"2907","11/30/2010"
"2908","12/01/2010"
"2909","12/02/2010"
"2910","12/03/2010"
"2911","12/06/2010"
"2912","12/07/2010"
"2913","12/08/2010"
"2914","12/09/2010"
"2915","12/13/2010"
"2916","12/14/2010"
"2917","12/15/2010"
"2918","12/16/2010"
"2919","12/20/2010"
"2920","12/21/2010"
"2921","01/10/2011"
"2922","01/11/2011"
"2923","01/12/2011"
"2924","01/13/2011"
"2925","01/17/2011"
"2926","01/18/2011"
"2927","01/19/2011"
"2928","01/20/2011"
"2929","01/21/2011"
"2930","01/24/2011"
"2931","01/25/2011"
"2932","01/26/2011"
"2933","01/27/2011"
"2934","01/31/2011"
"2935","02/01/2011"
"2936","02/02/2011"
"2937","02/03/2011"
"2938","02/04/2011"
"2939","02/07/2011"
"2940","02/08/2011"
"2941","02/09/2011"
"2942","02/10/2011"
"2943","02/11/2011"
"2944","02/14/2011"
"2945","02/15/2011"
"2946","02/16/2011"
"2947","02/17/2011"
"2948","02/28/2011"
"2949","03/01/2011"
"2950","03/02/2011"
"2951","03/03/2011"
"2952","03/04/2011"
"2953","03/07/2011"
"2954","03/08/2011"
"2955","03/09/2011"
"2956","03/10/2011"
"2957","03/14/2011"
"2958","03/15/2011"
"2959","03/16/2011"
"2960","03/17/2011"
"2961","03/18/2011"
"2962","03/21/2011"
"2963","03/22/2011"
"2964","03/23/2011"
"2965","03/24/2011"
"2966","03/28/2011"
"2967","03/29/2011"
"2968","03/30/2011"
"2969","03/31/2011"
"2970","04/01/2011"
"2971","04/04/2011"
"2972","04/26/2011"
"2973","04/27/2011"
"2974","04/28/2011"
"2975","05/03/2011"
"2976","05/04/2011"
"2977","05/05/2011"
"2978","05/09/2011"
"2979","05/10/2011"
"2980","05/11/2011"
"2981","05/12/2011"
"2982","05/13/2011"
"2983","05/16/2011"
"2984","05/17/2011"
"2985","05/18/2011"
"2986","05/19/2011"
"2987","05/23/2011"
"2988","05/24/2011"
"2989","06/07/2011"
"2990","06/08/2011"
"2991","06/09/2011"
"2992","06/10/2011"
"2993","06/13/2011"
"2994","06/14/2011"
"2995","06/15/2011"
"2996","06/16/2011"
"2997","06/17/2011"
"2998","06/20/2011"
"2999","06/21/2011"
"3000","06/22/2011"
"3001","06/23/2011"
"3002","06/27/2011"
"3003","06/28/2011"
"3004","06/29/2011"
"3005","06/30/2011"
"3006","07/04/2011"
"3007","07/05/2011"
"3008","07/06/2011"
"3009","07/07/2011"
"3010","07/11/2011"
"3011","07/12/2011"
"3012","07/13/2011"
"3013","07/14/2011"
"3014","07/18/2011"
"3015","07/19/2011"
"3016","07/20/2011"
"3017","08/11/2011"
"3018","09/05/2011"
"3019","09/06/2011"
"3020","09/07/2011"
"3021","09/08/2011"
"3022","09/09/2011"
"3023","09/12/2011"
"3024","09/13/2011"
"3025","09/14/2011"
"3026","09/15/2011"
"3027","10/10/2011"
"3028","10/11/2011"
"3029","10/12/2011"
"3030","10/13/2011"
"3031","10/17/2011"
"3032","10/18/2011"
"3033","10/19/2011"
"3034","10/20/2011"
"3035","10/21/2011"
"3036","10/24/2011"
"3037","10/25/2011"
"3038","10/26/2011"
"3039","10/27/2011"
"3040","10/31/2011"
"3041","11/01/2011"
"3042","11/02/2011"
"3043","11/03/2011"
"3044","11/07/2011"
"3045","11/08/2011"
"3046","11/09/2011"
"3047","11/10/2011"
"3048","11/14/2011"
"3049","11/15/2011"
"3050","11/21/2011"
"3051","11/22/2011"
"3052","11/23/2011"
"3053","11/24/2011"
"3054","11/25/2011"
"3055","11/28/2011"
"3056","11/29/2011"
"3057","11/30/2011"
"3058","12/01/2011"
"3059","12/05/2011"
"3060","12/06/2011"
"3061","12/07/2011"
"3062","12/08/2011"
"3063","12/12/2011"
"3064","12/13/2011"
"3065","12/14/2011"
"3066","12/15/2011"
"3067","12/19/2011"
"3068","12/20/2011"
"3069","01/10/2012"
"3070","01/11/2012"
"3071","01/12/2012"
"3072","01/16/2012"
"3073","01/17/2012"
"3074","01/18/2012"
"3075","01/19/2012"
"3076","01/20/2012"
"3077","01/23/2012"
"3078","01/24/2012"
"3079","01/25/2012"
"3080","01/26/2012"
"3081","01/30/2012"
"3082","01/31/2012"
"3083","02/01/2012"
"3084","02/02/2012"
"3085","02/06/2012"
"3086","02/07/2012"
"3087","02/08/2012"
"3088","02/09/2012"
"3089","02/20/2012"
"3090","02/21/2012"
"3091","02/22/2012"
"3092","02/23/2012"
"3093","02/27/2012"
"3094","02/28/2012"
"3095","02/29/2012"
"3096","03/01/2012"
"3097","03/05/2012"
"3098","03/06/2012"
"3099","03/07/2012"
"3100","03/08/2012"
"3101","03/12/2012"
"3102","03/13/2012"
"3103","03/14/2012"
"3104","03/15/2012"
"3105","03/19/2012"
"3106","03/20/2012"
"3107","03/21/2012"
"3108","03/22/2012"
"3109","03/23/2012"
"3110","03/26/2012"
"3111","03/27/2012"
"3112","04/16/2012"
"3113","04/17/2012"
"3114","04/18/2012"
"3115","04/19/2012"
"3116","04/23/2012"
"3117","04/24/2012"
"3118","04/25/2012"
"3119","04/26/2012"
"3120","04/30/2012"
"3121","05/01/2012"
"3122","05/09/2012"
"3123","05/10/2012"
"3124","05/14/2012"
"3125","05/15/2012"
"3126","05/16/2012"
"3127","05/17/2012"
"3128","05/21/2012"
"3129","05/22/2012"
"3130","05/23/2012"
"3131","05/24/2012"
"3132","06/11/2012"
"3133","06/12/2012"
"3134","06/13/2012"
"3135","06/14/2012"
"3136","06/18/2012"
"3137","06/19/2012"
"3138","06/20/2012"
"3139","06/21/2012"
"3140","06/25/2012"
"3141","06/26/2012"
"3142","06/27/2012"
"3143","06/28/2012"
"3144","07/02/2012"
"3145","07/03/2012"
"3146","07/04/2012"
"3147","07/05/2012"
"3148","07/06/2012"
"3149","07/09/2012"
"3150","07/10/2012"
"3151","07/11/2012"
"3152","07/12/2012"
"3153","07/13/2012"
"3154","07/16/2012"
"3155","07/17/2012"
"3156","09/03/2012"
"3157","09/04/2012"
"3158","09/05/2012"
"3159","09/06/2012"
"3160","09/07/2012"
"3161","09/10/2012"
"3162","09/11/2012"
"3163","09/12/2012"
"3164","09/13/2012"
"3165","09/14/2012"
"3166","09/17/2012"
"3167","09/18/2012"
"3168","10/15/2012"
"3169","10/16/2012"
"3170","10/17/2012"
"3171","10/18/2012"
"3172","10/19/2012"
"3173","10/22/2012"
"3174","10/23/2012"
"3175","10/24/2012"
"3176","10/25/2012"
"3177","10/26/2012"
"3178","10/29/2012"
"3179","10/30/2012"
"3180","10/31/2012"
"3181","11/01/2012"
"3182","11/02/2012"
"3183","11/05/2012"
"3184","11/06/2012"
"3185","11/07/2012"
"3186","11/08/2012"
"3187","11/09/2012"
"3188","11/12/2012"
"3189","11/13/2012"
"3190","11/19/2012"
"3191","11/20/2012"
"3192","11/21/2012"
"3193","11/22/2012"
"3194","11/26/2012"
"3195","11/27/2012"
"3196","11/28/2012"
"3197","11/29/2012"
"3198","11/30/2012"
"3199","12/03/2012"
"3200","12/04/2012"
"3201","12/05/2012"
"3202","12/06/2012"
"3203","12/10/2012"
"3204","12/11/2012"
"3205","12/12/2012"
"3206","12/13/2012"
"3207","12/17/2012"
"3208","12/18/2012"
"3209","12/19/2012"
"3210","12/20/2012"
"3211","01/07/2013"
"3212","01/08/2013"
"3213","01/09/2013"
"3214","01/10/2013"
"3215","01/14/2013"
"3216","01/15/2013"
"3217","01/16/2013"
"3218","01/17/2013"
"3219","01/18/2013"
"3220","01/21/2013"
"3221","01/22/2013"
"3222","01/23/2013"
"3223","01/24/2013"
"3224","01/25/2013"
"3225","01/28/2013"
"3226","01/29/2013"
"3227","01/30/2013"
"3228","01/31/2013"
"3229","02/01/2013"
"3230","02/04/2013"
"3231","02/05/2013"
"3232","02/06/2013"
"3233","02/07/2013"
"3234","02/11/2013"
"3235","02/12/2013"
"3236","02/13/2013"
"3237","02/14/2013"
"3238","02/25/2013"
"3239","02/26/2013"
"3240","02/27/2013"
"3241","02/28/2013"
"3242","03/01/2013"
"3243","03/04/2013"
"3244","03/05/2013"
"3245","03/06/2013"
"3246","03/07/2013"
"3247","03/11/2013"
"3248","03/12/2013"
"3249","03/13/2013"
"3250","03/14/2013"
"3251","03/18/2013"
"3252","03/19/2013"
"3253","03/20/2013"
"3254","03/21/2013"
"3255","03/22/2013"
"3256","03/25/2013"
"3257","03/26/2013"
"3258","04/10/2013"
"3259","04/15/2013"
"3260","04/16/2013"
"3261","04/17/2013"
"3262","04/18/2013"
"3263","04/22/2013"
"3264","04/23/2013"
"3265","04/24/2013"
"3266","04/25/2013"
"3267","05/08/2013"
"3268","05/09/2013"
"3269","05/10/2013"
"3270","05/13/2013"
"3271","05/14/2013"
"3272","05/15/2013"
"3273","05/16/2013"
"3274","05/20/2013"
"3275","05/21/2013"
"3276","06/03/2013"
"3277","06/04/2013"
"3278","06/05/2013"
"3279","06/06/2013"
"3280","06/10/2013"
"3281","06/11/2013"
"3282","06/12/2013"
"3283","06/13/2013"
"3284","06/17/2013"
"3285","06/18/2013"
"3286","06/19/2013"
"3287","06/20/2013"
"3288","06/24/2013"
"3289","06/25/2013"
"3290","06/26/2013"
"3291","06/27/2013"
"3292","07/01/2013"
"3293","07/02/2013"
"3294","07/03/2013"
"3295","07/04/2013"
"3296","07/05/2013"
"3297","07/08/2013"
"3298","07/09/2013"
"3299","07/10/2013"
"3300","07/11/2013"
"3301","07/12/2013"
"3302","07/15/2013"
"3303","07/16/2013"
"3304","07/17/2013"
"3305","07/18/2013"
"3306","08/29/2013"
"3307","09/02/2013"
"3308","09/03/2013"
"3309","09/04/2013"
"3310","09/05/2013"
"3311","09/06/2013"
"3312","09/09/2013"
"3313","09/10/2013"
"3314","09/11/2013"
"3315","09/12/2013"
"3316","09/13/2013"
"3317","10/08/2013"
"3318","10/09/2013"
"3319","10/10/2013"
"3320","10/14/2013"
"3321","10/15/2013"
"3322","10/16/2013"
"3323","10/17/2013"
"3324","10/18/2013"
"3325","10/21/2013"
"3326","10/22/2013"
"3327","10/23/2013"
"3328","10/24/2013"
"3329","10/25/2013"
"3330","10/28/2013"
"3331","10/29/2013"
"3332","10/30/2013"
"3333","10/31/2013"
"3334","11/01/2013"
"3335","11/04/2013"
"3336","11/05/2013"
"3337","11/06/2013"
"3338","11/07/2013"
"3339","11/08/2013"
"3340","11/11/2013"
"3341","11/12/2013"
"3342","11/18/2013"
"3343","11/19/2013"
"3344","11/20/2013"
"3345","11/21/2013"
"3346","11/22/2013"
"3347","11/25/2013"
"3348","11/26/2013"
"3349","11/27/2013"
"3350","11/28/2013"
"3351","11/29/2013"
"3352","12/02/2013"
"3353","12/03/2013"
"3354","12/04/2013"
"3355","12/05/2013"
"3356","12/09/2013"
"3357","12/10/2013"
"3358","12/11/2013"
"3359","12/12/2013"
"3360","12/16/2013"
"3361","12/17/2013"
"3362","12/18/2013"
"3363","12/19/2013"
"3364","01/06/2014"
"3365","01/07/2014"
"3366","01/08/2014"
"3367","01/09/2014"
"3368","01/13/2014"
"3369","01/14/2014"
"3370","01/15/2014"
"3371","01/16/2014"
"3372","01/17/2014"
"3373","01/20/2014"
"3374","01/21/2014"
"3375","01/22/2014"
"3376","01/23/2014"
"3377","01/24/2014"
"3378","01/27/2014"
"3379","01/28/2014"
"3380","01/29/2014"
"3381","01/30/2014"
"3382","02/03/2014"
"3383","02/04/2014"
"3384","02/05/2014"
"3385","02/06/2014"
"3386","02/10/2014"
"3387","02/11/2014"
"3388","02/12/2014"
"3389","02/13/2014"
"3390","02/24/2014"
"3391","02/25/2014"
"3392","02/26/2014"
"3393","02/27/2014"
"3394","02/28/2014"
"3395","03/03/2014"
"3396","03/04/2014"
"3397","03/05/2014"
"3398","03/06/2014"
"3399","03/10/2014"
"3400","03/11/2014"
"3401","03/12/2014"
"3402","03/13/2014"
"3403","03/17/2014"
"3404","03/18/2014"
"3405","03/19/2014"
"3406","03/20/2014"
"3407","03/24/2014"
"3408","03/25/2014"
"3409","03/26/2014"
"3410","03/27/2014"
"3411","03/31/2014"
"3412","04/01/2014"
"3413","04/02/2014"
"3414","04/03/2014"
"3415","04/07/2014"
"3416","04/08/2014"
"3417","04/09/2014"
"3418","04/10/2014"
"3419","04/28/2014"
"3420","04/29/2014"
"3421","04/30/2014"
"3422","05/01/2014"
"3423","05/06/2014"
"3424","05/07/2014"
"3425","05/08/2014"
"3426","05/12/2014"
"3427","05/13/2014"
"3428","05/14/2014"
"3429","06/04/2014"
"3430","06/05/2014"
"3431","06/09/2014"
"3432","06/10/2014"
"3433","06/11/2014"
"3434","06/12/2014"
"3435","06/16/2014"
"3436","06/17/2014"
"3437","06/18/2014"
"3438","06/19/2014"
"3439","06/23/2014"
"3440","06/24/2014"
"3441","06/25/2014"
"3442","06/26/2014"
"3443","06/30/2014"
"3444","07/01/2014"
"3445","07/02/2014"
"3446","07/03/2014"
"3447","07/07/2014"
"3448","07/08/2014"
"3449","07/09/2014"
"3450","07/10/2014"
"3451","07/14/2014"
"3452","07/15/2014"
"3453","07/16/2014"
"3454","07/17/2014"
"3455","07/21/2014"
"3456","07/22/2014"
"3457","09/01/2014"
"3458","09/02/2014"
"3459","09/03/2014"
"3460","09/04/2014"
"3461","09/05/2014"
"3462","09/08/2014"
"3463","09/09/2014"
"3464","09/10/2014"
"3465","09/11/2014"
"3466","09/12/2014"
"3467","09/26/2014"
"3468","10/13/2014"
"3469","10/14/2014"
"3470","10/15/2014"
"3471","10/16/2014"
"3472","10/17/2014"
"3473","10/20/2014"
"3474","10/21/2014"
"3475","10/22/2014"
"3476","10/23/2014"
"3477","10/24/2014"
"3478","10/27/2014"
"3479","10/28/2014"
"3480","10/29/2014"
"3481","10/30/2014"
"3482","11/03/2014"
"3483","11/04/2014"
"3484","11/05/2014"
"3485","11/06/2014"
"3486","11/07/2014"
"3487","11/10/2014"
"3488","11/11/2014"
"3489","11/17/2014"
"3490","11/18/2014"
"3491","11/19/2014"
"3492","11/20/2014"
"3493","11/21/2014"
"3494","11/24/2014"
"3495","11/25/2014"
"3496","11/26/2014"
"3497","11/27/2014"
"3498","11/28/2014"
"3499","12/01/2014"
"3500","12/02/2014"
"3501","12/03/2014"
"3502","12/05/2014"
"3503","12/08/2014"
"3504","12/09/2014"
"3505","12/10/2014"
"3506","12/11/2014"
"3507","12/15/2014"
"3508","12/16/2014"
"3509","12/17/2014"
"3510","12/18/2014"
"3511","01/05/2015"
"3512","01/06/2015"
"3513","01/07/2015"
"3514","01/08/2015"
"3515","01/09/2015"
"3516","01/12/2015"
"3517","01/13/2015"
"3518","01/14/2015"
"3519","01/15/2015"
"3520","01/16/2015"
"3521","01/19/2015"
"3522","01/20/2015"
"3523","01/21/2015"
"3524","01/22/2015"
"3525","01/23/2015"
"3526","01/26/2015"
"3527","01/27/2015"
"3528","01/28/2015"
"3529","01/29/2015"
"3530","02/02/2015"
"3531","02/03/2015"
"3532","02/04/2015"
"3533","02/05/2015"
"3534","02/09/2015"
"3535","02/10/2015"
"3536","02/11/2015"
"3537","02/12/2015"
"3538","02/23/2015"
"3539","02/24/2015"
"3540","02/25/2015"
"3541","02/26/2015"
"3542","02/27/2015"
"3543","03/02/2015"
"3544","03/03/2015"
"3545","03/04/2015"
"3546","03/05/2015"
"3547","03/06/2015"
"3548","03/09/2015"
"3549","03/10/2015"
"3550","03/11/2015"
"3551","03/12/2015"
"3552","03/16/2015"
"3553","03/17/2015"
"3554","03/18/2015"
"3555","03/19/2015"
"3556","03/20/2015"
"3557","03/23/2015"
"3558","03/24/2015"
"3559","03/25/2015"
"3560","03/26/2015"
"3561","05/18/2015"
"3562","05/19/2015"
"3563","05/20/2015"
"3564","05/21/2015"
"3565","05/26/2015"
"3566","05/27/2015"
"3567","05/28/2015"
"3568","06/01/2015"
"3569","06/02/2015"
"3570","06/03/2015"
"3571","06/04/2015"
"3572","06/08/2015"
"3573","06/09/2015"
"3574","06/10/2015"
"3575","06/11/2015"
"3576","06/15/2015"
"3577","06/16/2015"
"3578","06/17/2015"
"3579","06/18/2015"
"3580","06/22/2015"
"3581","06/23/2015"
"3582","06/24/2015"
"3583","06/25/2015"
"3584","06/29/2015"
"3585","06/30/2015"
"3586","07/01/2015"
"3587","07/02/2015"
"3588","07/06/2015"
"3589","07/07/2015"
"3590","07/08/2015"
"3591","07/09/2015"
"3592","07/13/2015"
"3593","07/14/2015"
"3594","07/15/2015"
"3595","07/16/2015"
"3596","07/20/2015"
"3597","07/21/2015"
"3598","09/07/2015"
"3599","09/08/2015"
"3600","09/09/2015"
"3601","09/10/2015"
"3602","09/11/2015"
"3603","09/14/2015"
"3604","09/15/2015"
"3605","09/16/2015"
"3606","09/17/2015"
"3607","10/12/2015"
"3608","10/13/2015"
"3609","10/14/2015"
"3610","10/15/2015"
"3611","10/16/2015"
"3612","10/19/2015"
"3613","10/20/2015"
"3614","10/21/2015"
"3615","10/22/2015"
"3616","10/23/2015"
"3617","10/26/2015"
"3618","10/27/2015"
"3619","10/28/2015"
"3620","10/29/2015"
"3621","10/30/2015"
"3622","11/02/2015"
"3623","11/03/2015"
"3624","11/04/2015"
"3625","11/05/2015"
"3626","11/06/2015"
"3627","11/09/2015"
"3628","11/10/2015"
"3629","11/16/2015"
"3630","11/17/2015"
"3631","11/18/2015"
"3632","11/19/2015"
"3633","11/20/2015"
"3634","11/23/2015"
"3635","11/24/2015"
"3636","11/25/2015"
"3637","11/26/2015"
"3638","11/30/2015"
"3639","12/01/2015"
"3640","12/02/2015"
"3641","12/03/2015"
"3642","12/04/2015"
"3643","12/07/2015"
"3644","12/08/2015"
"3645","12/09/2015"
"3646","12/10/2015"
"3647","12/14/2015"
"3648","12/15/2015"
"3649","12/16/2015"
"3650","12/17/2015"
"3651","01/05/2016"
"3652","01/06/2016"
"3653","01/07/2016"
"3654","01/11/2016"
"3655","01/12/2016"
"3656","01/13/2016"
"3657","01/14/2016"
"3658","01/18/2016"
"3659","01/19/2016"
"3660","01/20/2016"
"3661","01/21/2016"
"3662","01/22/2016"
"3663","01/25/2016"
"3664","01/26/2016"
"3665","01/27/2016"
"3666","01/28/2016"
"3667","01/29/2016"
"3668","02/01/2016"
"3669","02/02/2016"
"3670","02/03/2016"
"3671","02/04/2016"
"3672","02/05/2016"
"3673","02/08/2016"
"3674","02/09/2016"
"3675","02/10/2016"
"3676","02/11/2016"
"3677","02/22/2016"
"3678","02/23/2016"
"3679","02/24/2016"
"3680","02/25/2016"
"3681","02/26/2016"
"3682","02/29/2016"
"3683","03/01/2016"
"3684","03/02/2016"
"3685","03/03/2016"
"3686","03/04/2016"
"3687","03/07/2016"
"3688","03/08/2016"
"3689","03/09/2016"
"3690","03/10/2016"
"3691","03/11/2016"
"3692","03/14/2016"
"3693","03/15/2016"
"3694","03/16/2016"
"3695","03/17/2016"
"3696","03/21/2016"
"3697","03/22/2016"
"3698","03/23/2016"
"3699","03/24/2016"
"3700","04/11/2016"
"3701","04/12/2016"
"3702","04/13/2016"
"3703","04/14/2016"
"3704","04/18/2016"
"3705","04/19/2016"
"3706","04/20/2016"
"3707","04/21/2016"
"3708","04/25/2016"
"3709","04/26/2016"
"3710","04/27/2016"
"3711","04/28/2016"
"3712","05/03/2016"
"3713","05/04/2016"
"3714","05/05/2016"
"3715","05/09/2016"
"3716","05/10/2016"
"3717","05/11/2016"
"3718","05/12/2016"
"3719","05/18/2016"
"3720","05/19/2016"
"3721","05/23/2016"
"3722","05/24/2016"
"3723","05/25/2016"
"3724","05/26/2016"
"3725","06/06/2016"
"3726","06/07/2016"
"3727","06/08/2016"
"3728","06/09/2016"
"3729","06/13/2016"
"3730","06/14/2016"
"3731","06/15/2016"
"3732","06/20/2016"
"3733","06/27/2016"
"3734","06/28/2016"
"3735","06/29/2016"
"3736","06/30/2016"
"3737","07/04/2016"
"3738","07/05/2016"
"3739","07/06/2016"
"3740","07/07/2016"
"3741","07/11/2016"
"3742","07/12/2016"
"3743","07/13/2016"
"3744","07/14/2016"
"3745","07/18/2016"
"3746","07/19/2016"
"3747","07/20/2016"
"3748","07/21/2016"
"3749","09/05/2016"
"3750","09/06/2016"
"3751","09/07/2016"
"3752","09/08/2016"
"3753","09/12/2016"
"3754","09/13/2016"
"3755","09/14/2016"
"3756","09/15/2016"
"3757","10/10/2016"
"3758","10/11/2016"
"3759","10/12/2016"
"3760","10/13/2016"
"3761","10/17/2016"
"3762","10/18/2016"
"3763","10/19/2016"
"3764","10/20/2016"
"3765","10/21/2016"
"3766","10/24/2016"
"3767","10/25/2016"
"3768","10/26/2016"
"3769","10/27/2016"
"3770","10/28/2016"
"3771","10/31/2016"
"3772","11/01/2016"
"3773","11/02/2016"
"3774","11/03/2016"
"3775","11/04/2016"
"3776","11/07/2016"
"3777","11/08/2016"
"3778","11/14/2016"
"3779","11/15/2016"
"3780","11/16/2016"
"3781","11/17/2016"
"3782","11/18/2016"
"3783","11/21/2016"
"3784","11/22/2016"
"3785","11/23/2016"
"3786","11/24/2016"
"3787","11/25/2016"
"3788","11/28/2016"
"3789","11/29/2016"
"3790","11/30/2016"
"3791","12/01/2016"
"3792","12/02/2016"
"3793","12/05/2016"
"3794","12/06/2016"
"3795","12/07/2016"
"3796","12/08/2016"
"3797","12/12/2016"
"3798","12/13/2016"
"3799","12/14/2016"
"3800","12/15/2016"
"3801","12/16/2016"
"3802","12/19/2016"
"3803","12/20/2016"
"3804","01/09/2017"
"3805","01/10/2017"
"3806","01/11/2017"
"3807","01/12/2017"
"3808","01/13/2017"
"3809","01/16/2017"
"3810","01/17/2017"
"3811","01/18/2017"
"3812","01/19/2017"
"3813","01/20/2017"
"3814","01/23/2017"
"3815","01/24/2017"
"3816","01/25/2017"
"3817","01/26/2017"
"3818","01/27/2017"
"3819","01/30/2017"
"3820","01/31/2017"
"3821","02/01/2017"
"3822","02/02/2017"
"3823","02/03/2017"
"3824","02/06/2017"
"3825","02/07/2017"
"3826","02/08/2017"
"3827","02/09/2017"
"3828","02/20/2017"
"3829","02/21/2017"
"3830","02/22/2017"
"3831","02/23/2017"
"3832","02/24/2017"
"3833","02/27/2017"
"3834","02/28/2017"
"3835","03/01/2017"
"3836","03/02/2017"
"3837","03/06/2017"
"3838","03/07/2017"
"3839","03/08/2017"
"3840","03/09/2017"
"3841","03/13/2017"
"3842","03/14/2017"
"3843","03/15/2017"
"3844","03/16/2017"
"3845","03/20/2017"
"3846","03/21/2017"
"3847","03/22/2017"
"3848","03/23/2017"
"3849","03/24/2017"
"3850","03/27/2017"
"3851","03/28/2017"
"3852","03/29/2017"
"3853","03/30/2017"
"3854","04/18/2017"
"3855","04/19/2017"
"3856","04/20/2017"
"3857","04/24/2017"
"3858","04/25/2017"
"3859","04/26/2017"
"3860","04/27/2017"
"3861","06/13/2017"
"3862","06/14/2017"
"3863","06/15/2017"
"3864","06/21/2017"
"3865","06/22/2017"
"3866","06/26/2017"
"3867","06/27/2017"
"3868","06/28/2017"
"3869","06/29/2017"
"3870","07/03/2017"
"3871","07/04/2017"
"3872","07/05/2017"
"3873","07/06/2017"
"3874","07/10/2017"
"3875","07/11/2017"
"3876","07/12/2017"
"3877","07/13/2017"
"3878","07/17/2017"
"3879","07/18/2017"
"3880","07/19/2017"
"3881","07/20/2017"
"3882","09/05/2017"
"3883","09/06/2017"
"3884","09/07/2017"
"3885","09/11/2017"
"3886","09/12/2017"
"3887","09/13/2017"
"3888","09/14/2017"
"3889","10/09/2017"
"3890","10/10/2017"
"3891","10/11/2017"
"3892","10/12/2017"
"3893","10/16/2017"
"3894","10/17/2017"
"3895","10/18/2017"
"3896","10/19/2017"
"3897","10/20/2017"
"3898","10/23/2017"
"3899","10/24/2017"
"3900","10/25/2017"
"3901","10/26/2017"
"3902","10/30/2017"
"3903","10/31/2017"
"3904","11/01/2017"
"3905","11/02/2017"
"3906","11/03/2017"
"3907","11/06/2017"
"3908","11/07/2017"
"3909","11/13/2017"
"3910","11/14/2017"
"3911","11/15/2017"
"3912","11/16/2017"
"3913","11/20/2017"
"3914","11/21/2017"
"3915","11/22/2017"
"3916","11/23/2017"
"3917","11/27/2017"
"3918","11/28/2017"
"3919","11/29/2017"
"3920","11/30/2017"
"3921","12/01/2017"
"3922","12/04/2017"
"3923","12/05/2017"
"3924","12/06/2017"
"3925","12/07/2017"
"3926","12/11/2017"
"3927","12/12/2017"
"3928","12/13/2017"
"3929","12/14/2017"
"3930","12/18/2017"
"3931","12/19/2017"
"3932","12/20/2017"
"3933","12/21/2017"
"3934","01/08/2018"
"3935","01/09/2018"
"3936","01/10/2018"
"3937","01/11/2018"
"3938","01/15/2018"
"3939","01/16/2018"
"3940","01/17/2018"
"3941","01/18/2018"
"3942","01/19/2018"
"3943","01/22/2018"
"3944","01/23/2018"
"3945","01/24/2018"
"3946","01/25/2018"
"3947","01/29/2018"
"3948","01/30/2018"
"3949","01/31/2018"
"3950","02/01/2018"
"3951","02/02/2018"
"3952","02/05/2018"
"3953","02/06/2018"
"3954","02/07/2018"
"3955","02/08/2018"
"3956","02/20/2018"
"3957","02/21/2018"
"3958","02/22/2018"
"3959","02/23/2018"
"3960","02/26/2018"
"3961","02/27/2018"
"3962","02/28/2018"
"3963","03/01/2018"
"3964","03/05/2018"
"3965","03/06/2018"
"3966","03/07/2018"
"3967","03/08/2018"
"3968","03/12/2018"
"3969","03/13/2018"
"3970","03/14/2018"
"3971","03/15/2018"
"3972","03/16/2018"
"3973","03/19/2018"
"3974","03/20/2018"
"3975","03/21/2018"
"3976","03/22/2018"
"3977","03/26/2018"
"3978","03/27/2018"
"3979","03/28/2018"
"3980","03/29/2018"
"3981","04/16/2018"
"3982","04/17/2018"
"3983","04/18/2018"
"3984","04/19/2018"
"3985","04/23/2018"
"3986","04/24/2018"
"3987","04/25/2018"
"3988","04/26/2018"
"3989","04/27/2018"
"3990","04/30/2018"
"3991","05/01/2018"
"3992","05/02/2018"
"3993","05/03/2018"
"3994","05/08/2018"
"3995","05/09/2018"
"3996","05/10/2018"
"3997","05/11/2018"
"3998","05/14/2018"
"3999","05/15/2018"
"4000","05/16/2018"
"4001","05/17/2018"
"4002","05/21/2018"
"4003","05/22/2018"
"4004","05/23/2018"
"4005","05/24/2018"
"4006","06/04/2018"
"4007","06/05/2018"
"4008","06/06/2018"
"4009","06/07/2018"
"4010","06/11/2018"
"4011","06/12/2018"
"4012","06/13/2018"
"4013","06/14/2018"
"4014","06/15/2018"
"4015","06/18/2018"
"4016","06/19/2018"
"4017","06/20/2018"
"4018","06/21/2018"
"4019","06/25/2018"
"4020","06/26/2018"
"4021","06/27/2018"
"4022","06/28/2018"
"4023","07/02/2018"
"4024","07/03/2018"
"4025","07/04/2018"
"4026","07/05/2018"
"4027","07/06/2018"
"4028","07/09/2018"
"4029","07/10/2018"
"4030","07/11/2018"
"4031","07/12/2018"
"4032","07/16/2018"
"4033","07/17/2018"
"4034","07/18/2018"
"4035","07/19/2018"
"4036","07/23/2018"
"4037","07/24/2018"
"4038","09/04/2018"
"4039","09/05/2018"
"4040","09/06/2018"
"4041","09/10/2018"
"4042","09/11/2018"
"4043","09/12/2018"
"4044","09/13/2018"
"4045","10/09/2018"
"4046","10/10/2018"
"4047","10/11/2018"
"4048","10/15/2018"
"4049","10/16/2018"
"4050","10/17/2018"
"4051","10/18/2018"
"4052","10/22/2018"
"4053","10/23/2018"
"4054","10/24/2018"
"4055","10/25/2018"
"4056","10/26/2018"
"4057","10/29/2018"
"4058","10/30/2018"
"4059","10/31/2018"
"4060","11/01/2018"
"4061","11/05/2018"
"4062","11/06/2018"
"4063","11/12/2018"
"4064","11/13/2018"
"4065","11/14/2018"
"4066","11/15/2018"
"4067","11/19/2018"
"4068","11/20/2018"
"4069","11/21/2018"
"4070","11/22/2018"
"4071","11/23/2018"
"4072","11/26/2018"
"4073","11/27/2018"
"4074","11/28/2018"
"4075","11/29/2018"
"4076","12/03/2018"
"4077","12/04/2018"
"4078","12/05/2018"
"4079","12/06/2018"
"4080","12/10/2018"
"4081","12/11/2018"
"4082","12/12/2018"
"4083","12/13/2018"
"4084","12/17/2018"
"4085","12/18/2018"
"4086","12/19/2018"
"4087","12/20/2018"
"4088","01/07/2019"
"4089","01/08/2019"
"4090","01/09/2019"
"4091","01/10/2019"
"4092","01/11/2019"
"4093","01/14/2019"
"4094","01/15/2019"
"4095","01/16/2019"
"4096","01/17/2019"
"4097","01/21/2019"
"4098","01/22/2019"
"4099","01/23/2019"
"4100","01/24/2019"
"4101","01/28/2019"
"4102","01/29/2019"
"4103","01/30/2019"
"4104","01/31/2019"
"4105","02/04/2019"
"4106","02/05/2019"
"4107","02/06/2019"
"4108","02/07/2019"
"4109","02/08/2019"
"4110","02/11/2019"
"4111","02/12/2019"
"4112","02/13/2019"
"4113","02/14/2019"
"4114","02/18/2019"
"4115","02/19/2019"
"4116","02/20/2019"
"4117","02/21/2019"
"4118","02/25/2019"
"4119","02/26/2019"
"4120","02/27/2019"
"4121","02/28/2019"
"4122","03/04/2019"
"4123","03/05/2019"
"4124","03/06/2019"
"4125","03/07/2019"
"4126","03/11/2019"
"4127","03/12/2019"
"4128","03/13/2019"
"4129","03/14/2019"
"4130","03/15/2019"
"4131","03/18/2019"
"4132","03/19/2019"
"4133","03/20/2019"
"4134","03/21/2019"
"4135","03/22/2019"
"4136","03/25/2019"
"4137","03/26/2019"
"4138","03/27/2019"
"4139","03/28/2019"
"4140","03/29/2019"
"4141","04/01/2019"
"4142","04/02/2019"
"4143","04/03/2019"
"4144","04/04/2019"
"4145","04/08/2019"
"4146","04/09/2019"
"4147","04/10/2019"
"4148","04/11/2019"
"4149","04/23/2019"
"4150","04/24/2019"
"4151","04/25/2019"
"4152","04/29/2019"
"4153","04/30/2019"
"4154","05/01/2019"
"4155","05/02/2019"
"4156","05/07/2019"
"4157","05/08/2019"
"4158","05/09/2019"
"4159","05/13/2019"
"4160","05/14/2019"
"4161","05/15/2019"
"4162","05/16/2019"
"4163","05/20/2019"
"4164","05/21/2019"
"4165","05/22/2019"
"4166","05/23/2019"
"4167","06/04/2019"
"4168","06/05/2019"
"4169","06/06/2019"
"4170","06/10/2019"
"4171","06/11/2019"
"4172","06/12/2019"
"4173","06/13/2019"
"4174","06/17/2019"
"4175","06/18/2019"
"4176","06/19/2019"
"4177","06/20/2019"
"4178","06/24/2019"
"4179","06/25/2019"
"4180","06/26/2019"
"4181","06/27/2019"
"4182","07/01/2019"
"4183","07/02/2019"
"4184","07/03/2019"
"4185","07/04/2019"
"4186","07/08/2019"
"4187","07/09/2019"
"4188","07/10/2019"
"4189","07/11/2019"
"4190","07/15/2019"
"4191","07/16/2019"
"4192","07/17/2019"
"4193","07/18/2019"
"4194","07/22/2019"
"4195","07/23/2019"
"4196","07/24/2019"
"4197","07/25/2019"
"4198","09/03/2019"
"4199","09/04/2019"
"4200","09/05/2019"
"4201","09/09/2019"
"4202","09/25/2019"
"4203","09/26/2019"
"4204","09/30/2019"
"4205","10/01/2019"
"4206","10/02/2019"
"4207","10/03/2019"
"4208","10/07/2019"
"4209","10/08/2019"
"4210","10/14/2019"
"4211","10/15/2019"
"4212","10/16/2019"
"4213","10/17/2019"
"4214","10/19/2019"
"4215","10/21/2019"
"4216","10/22/2019"
"4217","10/23/2019"
"4218","10/24/2019"
"4219","10/28/2019"
"4220","10/29/2019"
"4221","10/30/2019"
"4222","10/31/2019"
"4223","11/04/2019"
"4224","11/05/2019"
